mid_date,start_date,end_date,volume,elevation,alongshore_centroid_m,alongshore_start_m,alongshore_end_m,width,height,vol_unc,month,qc_flag
2021-07-27,2021-07-14,2021-08-09,688.5357154161708,10.937787496968705,626.1314687079561,611.497978144791,638.3469912484288,26.849013103637844,9.75,0.33691191224915,7,construction
2018-10-03,2018-10-02,2018-10-05,604.7157540941419,18.522001531940333,1442.273127147522,1430.6816823668778,1459.41785791656,28.73617554968223,15.0,0.4432554653603998,10,real
2025-04-04,2025-04-01,2025-04-08,473.8853081868981,18.183414092852693,1522.9031580866413,1508.0907120988704,1535.8068846999668,27.71617260109633,11.75,0.328824348274252,4,real
2021-08-26,2021-08-09,2021-09-13,377.5262673373503,7.997977577201546,643.9992990671908,633.9587941402569,660.7007126128301,26.74191847257316,14.0,0.3446587366649026,8,construction
2021-02-22,2021-02-08,2021-03-09,366.9296368037006,5.443944981022658,646.4318088187476,641.7282193172723,650.9725694097579,9.244350092485549,4.5,0.2728913881747175,2,construction
2018-09-29,2018-09-26,2018-10-02,360.1083310548353,19.07942760828236,1456.5144812922588,1447.433612935245,1466.4676578892395,19.034044953994453,13.5,0.339727984923897,9,real
2019-02-17,2019-02-15,2019-02-19,336.3794901053436,18.561769282803148,1378.7988455875704,1375.5735085895285,1383.4953650617972,7.921856472268701,16.5,0.3976749988903236,2,real
2021-08-26,2021-08-09,2021-09-13,278.35751223089443,9.489484573531165,629.2225523423319,617.6229639826342,637.3711438076571,19.748179825022817,8.25,0.2482941269661077,8,construction
2020-09-03,2020-08-20,2020-09-18,263.85358511272665,18.12230186099634,1406.0920635558618,1399.099034936633,1413.7056889939122,14.60665405727923,17.25,0.3352188004232485,9,unreviewed
2021-02-22,2021-02-08,2021-03-09,252.12197563690387,15.745974644025432,643.6444501776944,638.6539219417609,646.5465683778748,7.892646436113864,7.5,0.22372988111643,2,unreviewed
2017-05-03,2017-04-20,2017-05-17,243.87413674863168,17.33689298298538,1467.6668164690211,1453.51371524157,1478.1911488827318,24.67743364116177,13.5,0.3655173374583362,5,unreviewed
2025-07-06,2025-07-01,2025-07-11,225.41112831099304,9.415980035656064,1767.1442350399957,1743.511433981359,1796.6480053937994,53.13657141244039,9.75,0.425330289443125,7,unreviewed
2018-12-07,2018-12-04,2018-12-10,213.61780163445383,20.64950331140705,1431.491321545157,1422.2826504600234,1442.2346704690715,19.952020009048283,8.5,0.2818541662129236,12,unreviewed
2018-08-19,2018-08-14,2018-08-24,203.43568533483096,17.277203577096063,1625.3292510576807,1613.7854798426852,1634.5324652036652,20.746985360980037,9.75,0.2169126773851483,8,unreviewed
2021-03-30,2021-03-09,2021-04-21,176.80522512249942,5.7722297756886585,645.823083047997,639.6321254218929,650.9725694097579,11.340443987865,5.0,0.2171519290761154,3,unreviewed
2025-08-01,2025-07-28,2025-08-05,169.82473670576843,7.322158602974776,2048.189520218405,2011.9973481362688,2074.2274317536503,62.23008361738175,5.75,0.2957949526972142,8,unreviewed
2017-07-05,2017-06-28,2017-07-13,158.08868126499152,16.855725907017554,1483.346001680897,1474.8027436775155,1491.8025137637742,16.99977008625865,15.0,0.2383603932479919,7,unreviewed
2019-03-18,2019-03-15,2019-03-21,148.07368378125378,16.799475106461358,1636.7837595710375,1629.4663422731685,1642.733207552228,13.266865279059855,11.5,0.2338483721753183,3,unreviewed
2023-01-05,2023-01-04,2023-01-06,119.2517159063108,4.605443701704559,691.8584570724439,664.8296614550054,727.9279562900774,63.09829483507201,4.5,0.3336895371855628,1,unreviewed
2019-11-29,2019-11-26,2019-12-02,107.93572767887952,10.58979174849859,1343.7440280263422,1337.6525257723406,1349.117278158199,11.464752385858446,9.25,0.2368104259588237,11,unreviewed
2021-03-30,2021-03-09,2021-04-21,107.46880979743146,19.48619599865377,644.97011885461,641.0380298011005,649.2609809474088,8.222951146308333,3.5,0.3012236836651928,3,unreviewed
2025-06-07,2025-06-02,2025-06-13,106.66478497608163,13.954668237004608,2033.5416577413591,2018.3102609645573,2044.4790159915572,26.16875502699986,4.25,0.1627873447409021,6,unreviewed
2025-06-21,2025-06-16,2025-06-27,96.99462550264968,6.936739858797079,2040.6285746087087,2018.826644989196,2067.8228392363526,48.99619424715638,6.0,0.2719341182237539,6,unreviewed
2018-12-22,2018-12-18,2018-12-26,91.38761822845755,5.570246705965556,1464.0674892308723,1441.9893623166718,1488.5618086354807,46.57244631880894,7.0,0.2658606958447796,12,unreviewed
2025-06-21,2025-06-16,2025-06-27,84.27684560942735,7.061409557919317,1765.7170377471168,1743.511433981359,1787.5469889328815,44.0355549515225,5.75,0.2396111460530221,6,unreviewed
2025-10-03,2025-09-30,2025-10-07,83.70324223126795,7.562884467856138,1772.6960653962828,1740.552025964018,1795.6654890072532,55.11346304323524,4.5,0.2030019819587328,10,unreviewed
2018-11-24,2018-11-21,2018-11-27,81.39773416682175,5.643306312601425,1448.6705191383942,1427.833730247803,1467.6013204166666,39.767590168863535,8.0,0.2764335355588725,11,unreviewed
2018-12-22,2018-12-18,2018-12-26,78.9823010662036,5.463244516844477,1429.7446381438328,1419.7924133297056,1442.2346704690715,22.44225713936612,7.25,0.2259379038724237,12,unreviewed
2019-12-14,2019-12-14,2019-12-15,78.86470395623832,13.92601424539478,1645.1019878516963,1636.283488937188,1659.285563321784,23.0020743845962,12.0,0.2051228751647373,12,unreviewed
2020-04-12,2020-04-08,2020-04-16,73.95339072490657,16.715000908208058,1083.7337509744607,1073.9865387449972,1091.980639086105,17.994100341107696,4.25,0.1520369999526578,4,unreviewed
2019-02-13,2019-02-12,2019-02-15,73.25565044409298,11.118546038807509,2092.556382927846,2085.162934724241,2105.1390398908406,19.97610516659915,8.0,0.2018653792454572,2,unreviewed
2017-05-30,2017-05-17,2017-06-13,67.86562197164797,19.35268489404118,1467.9163847297366,1464.0049890629016,1472.8309497404844,8.82596067758277,10.25,0.1854907847205725,5,unreviewed
2019-01-21,2019-01-19,2019-01-23,64.932559845758,13.677439190199934,1746.2580576617222,1735.228408101946,1759.275230590254,24.046822488307956,7.5,0.2354393966513248,1,unreviewed
2019-11-29,2019-11-26,2019-12-02,63.32929144292969,13.467132114800162,2048.7805287716765,2039.3492596163412,2060.534802759997,21.185543143656105,5.5,0.1793286536690384,11,unreviewed
2025-08-09,2025-08-05,2025-08-13,62.431343220170056,8.436818639328513,2027.9495643512464,2017.5258077806795,2040.1082011419348,22.582393361255527,6.75,0.1979722718699629,8,unreviewed
2021-07-27,2021-07-14,2021-08-09,61.62731428990866,15.930643005844056,628.1112623423772,625.9608134194277,630.687680110801,4.726866691373289,3.75,0.0990054728757199,7,unreviewed
2025-05-02,2025-04-29,2025-05-05,61.50537448972142,6.900071064547353,1757.037707516206,1735.989198854193,1777.3556202328764,41.3664213786833,5.0,0.2684177631749204,5,unreviewed
2017-06-20,2017-06-13,2017-06-28,61.22389190930078,4.259470413576475,1099.5829203849507,1072.2907292139716,1130.5017348974943,58.21100568352267,3.5,0.2314626250225938,6,unreviewed
2021-06-08,2021-05-04,2021-07-14,60.53483719291216,18.237770588301117,623.6327452200072,620.356817280408,627.309649723582,6.952832443173975,5.75,0.1468791616130815,6,unreviewed
2018-12-22,2018-12-18,2018-12-26,58.991038477507935,6.43062437321263,1380.7895728974731,1376.279107348062,1384.3274170402435,8.048309692181647,8.0,0.2223600946368802,12,unreviewed
2024-01-21,2024-01-19,2024-01-23,56.68485587696967,12.281349797032306,1389.3062369396578,1386.2409492828883,1392.717996956315,6.4770476734265685,8.0,0.1910577912640248,1,unreviewed
2019-12-26,2019-12-22,2019-12-30,56.25525028540724,6.885679511771229,1452.3263957814142,1442.2732031224295,1461.1047150320371,18.8315119096078,10.75,0.2208604545689006,12,unreviewed
2019-12-04,2019-12-02,2019-12-06,55.92994794176115,9.642615349807665,2175.166602954568,2170.12069251854,2182.1422003633343,12.021507844794542,5.5,0.1588501973914915,12,unreviewed
2019-02-02,2019-01-30,2019-02-06,53.59977279339629,10.631014832652347,1746.15326073249,1734.9808884044178,1758.02947073197,23.04858232755214,6.0,0.2152713841739743,2,unreviewed
2019-07-05,2019-07-02,2019-07-08,53.36637968724767,13.574815614566424,1375.9795778196194,1373.3621191978457,1378.3279746389017,4.965855441056192,9.0,0.2117407585359833,7,unreviewed
2023-01-05,2023-01-04,2023-01-06,52.700351924470766,5.5257679458326905,360.2952506125728,349.8991853147745,373.8788864864037,23.97970117162913,6.75,0.2238725723864995,1,unreviewed
2019-12-26,2019-12-22,2019-12-30,52.06148149132161,16.64273028025924,813.8875462376913,810.5018012463115,818.4282172173262,7.926415971014649,5.75,0.1622639240947345,12,unreviewed
2017-06-20,2017-06-13,2017-06-28,50.23184493323198,7.224408765885729,1471.2680807430231,1461.6733871595934,1480.4281751066446,18.754787947051227,9.0,0.1905056539814788,6,unreviewed
2019-01-21,2019-01-19,2019-01-23,49.50105348779404,3.714322456496861,1071.5944604918384,1020.7020506029947,1108.701931154821,87.99988055182621,2.0,0.1552858545623149,1,unreviewed
2024-02-03,2024-01-29,2024-02-08,49.43336119375558,7.783703593917937,788.6381630555521,777.06772817811,798.8847413016483,21.817013123538345,8.25,0.2270057708893578,2,unreviewed
2021-02-22,2021-02-08,2021-03-09,48.78769431426306,15.702165210791312,633.7946718284064,629.1636913539842,638.3469912484288,9.183299894444644,7.5,0.1604729651554703,2,unreviewed
2017-08-24,2017-08-11,2017-09-07,48.24082130689215,13.143329001278168,1395.321988584081,1391.173688387964,1399.7035126383416,8.529824250377715,7.5,0.2020609711216454,8,unreviewed
2025-08-17,2025-08-13,2025-08-21,47.603265602785775,11.815300097812106,1806.6048639640492,1799.64572996879,1812.5357496337965,12.890019665006548,8.0,0.1868496928001907,8,unreviewed
2021-06-08,2021-05-04,2021-07-14,46.24293677949193,18.88489191106361,637.1684661657993,634.4967865287326,639.4153832737356,4.918596745003015,3.0,0.0999814217996842,6,unreviewed
2021-02-22,2021-02-08,2021-03-09,44.96921651381143,16.674136201392177,646.1117894987283,643.956603560131,647.8229398233816,3.86633626325056,4.5,0.0916465058198915,2,unreviewed
2019-12-04,2019-12-02,2019-12-06,43.85218229227559,11.05393112931207,1828.7510924990845,1822.819585377816,1833.0199192501605,10.200333872344345,8.5,0.2367515597785491,12,unreviewed
2019-06-28,2019-06-24,2019-07-02,43.791630121302,19.014127653725325,1381.3386889570163,1379.2426810474135,1383.4953650617972,4.252684014383704,8.75,0.1721443770475942,6,unreviewed
2019-01-26,2019-01-23,2019-01-30,43.66766370781372,12.137120392042949,1746.2816366758032,1735.494320976548,1757.7803187766112,22.285997800063345,6.0,0.2002770305049176,1,unreviewed
2019-02-17,2019-02-15,2019-02-19,43.45731773187234,4.727236925920986,1744.6206151576137,1735.494320976548,1754.2532484037802,18.758927427232265,4.5,0.1714747705915941,2,unreviewed
2018-12-29,2018-12-26,2019-01-02,42.910404739272586,10.627410229728818,1928.5657687115845,1922.702899989672,1934.747997217346,12.045097227673978,8.5,0.1643160816043975,12,unreviewed
2017-06-20,2017-06-13,2017-06-28,42.58464636777119,19.791192373538067,1491.9172973922296,1487.5127934301272,1494.8534360071644,7.340642577037215,9.25,0.1422729341818611,6,unreviewed
2023-01-05,2023-01-04,2023-01-06,39.13388702094304,4.707278170080524,1549.7953766466553,1540.971493625082,1561.8095224015417,20.8380287764594,5.25,0.1912843222453946,1,unreviewed
2025-08-09,2025-08-05,2025-08-13,38.95192687785662,7.364100713878167,1760.4491085758182,1741.2918322761543,1780.401657840703,39.10982556454837,3.25,0.1796391705767612,8,unreviewed
2023-01-28,2023-01-23,2023-02-02,38.92132027029798,12.795085624846267,866.1375772860575,862.3565845149569,869.6438473896123,7.2872628746554255,9.0,0.1996624593948077,1,unreviewed
2023-01-13,2023-01-09,2023-01-17,38.72256338740044,14.544009424448529,1660.0027051840689,1654.404295890592,1665.2298903656192,10.825594475027174,4.0,0.1408947549582782,1,unreviewed
2019-01-04,2019-01-02,2019-01-07,38.60667006520764,12.35616023686802,1925.3461522640964,1921.390457474161,1930.0307928915136,8.640335417352617,8.25,0.1466663456036684,1,unreviewed
2017-12-03,2017-12-01,2017-12-05,38.54394814362607,4.805798133588384,1481.920441990423,1469.7492742948234,1498.2489433824085,28.499669087585065,6.75,0.1980581732135082,12,unreviewed
2025-04-18,2025-04-15,2025-04-21,38.33778044011747,3.659615092793046,1248.743665284637,1245.9215136021376,1251.6930129113607,5.771499309223145,1.25,0.2122079594943328,4,unreviewed
2018-11-24,2018-11-21,2018-11-27,38.13275961354838,5.566623722807491,1623.9014786835062,1612.793047130108,1634.5324652036652,21.73941807355732,7.25,0.1986284265411015,11,unreviewed
2017-08-24,2017-08-11,2017-09-07,37.70231844109183,8.459513902191185,1376.727444285554,1375.141025334131,1378.3279746389017,3.1869493047706783,7.25,0.1937408959697162,8,unreviewed
2025-06-29,2025-06-27,2025-07-01,37.5693170830425,6.899877807450661,1791.2868358065605,1784.310344173573,1797.6664636028,13.356119429226965,3.75,0.1342871797482576,6,unreviewed
2017-06-20,2017-06-13,2017-06-28,37.310251620166696,4.140497685101554,895.6897318119603,883.6177598726936,910.3038409454748,26.686081072781235,3.75,0.1716134848122263,6,unreviewed
2018-12-22,2018-12-18,2018-12-26,36.74304416146482,4.948298224056535,2049.6481805467706,2038.5865271375517,2061.7876609000377,23.20113376248628,4.5,0.1623889525864206,12,unreviewed
2019-01-21,2019-01-19,2019-01-23,36.58705215541034,11.112841411569631,1668.4469751328552,1661.9749282547273,1676.233765528537,14.25883727381006,6.0,0.1962919392396798,1,unreviewed
2025-10-12,2025-10-08,2025-10-17,35.95452201809515,15.399468098009695,870.8239507866532,866.7038777470589,875.4790625269525,8.775184779893607,8.5,0.1680349298799134,10,unreviewed
2025-06-07,2025-06-02,2025-06-13,35.671432853257386,8.92752984716221,2022.569310900499,2019.348920791876,2025.981199859176,6.63227906730026,2.75,0.1448367274044326,6,unreviewed
2025-09-19,2025-09-15,2025-09-23,35.217089099739134,6.56704625778796,1743.16309889072,1734.0093505382538,1753.23683788348,19.22748734522611,3.0,0.1370405115438296,9,unreviewed
2025-06-29,2025-06-27,2025-07-01,34.03662094970939,8.850850970643213,1739.2751649211718,1735.494320976548,1742.2804499659687,6.786128989420831,5.25,0.1254008283181726,6,unreviewed
2025-08-01,2025-07-28,2025-08-05,33.93048966544134,10.062189282067088,1798.703095738519,1791.7616755184715,1807.566188915167,15.804513396695256,4.5,0.1382463909491422,8,unreviewed
2023-01-05,2023-01-04,2023-01-06,33.8738459279329,4.740167791677017,10.274526663662185,0.0,20.733641611412168,20.733641611412168,4.25,0.1624461372935875,1,unreviewed
2023-07-09,2023-07-06,2023-07-12,33.81293076222078,14.420068813274586,1395.8806238390375,1393.8786425623111,1397.5826455485076,3.704002986196429,9.25,0.1695630526401869,7,unreviewed
2020-04-12,2020-04-08,2020-04-16,33.207301362205925,10.30732176829937,655.1297902232479,651.0334579651244,661.1752977245487,10.141839759424329,8.75,0.180888358880726,4,unreviewed
2018-12-22,2018-12-18,2018-12-26,32.891575726175454,5.936110574232609,1394.642194796277,1391.4415992321449,1399.1198222241364,7.678222991991788,7.5,0.1626356904880933,12,unreviewed
2018-12-22,2018-12-18,2018-12-26,32.86124294384193,5.467377871379942,1620.1369830402018,1608.9941539829597,1630.2084478749894,21.214293892029676,5.5,0.184821514559194,12,unreviewed
2020-04-12,2020-04-08,2020-04-16,32.71471443569074,10.70912746682783,960.4960691669198,951.5880230274053,967.390044579748,15.80202155234292,9.0,0.1859185514791702,4,unreviewed
2019-12-04,2019-12-02,2019-12-06,32.53173252282254,14.007346285324951,1193.7793954302963,1191.2693299367093,1196.5363513221964,5.267021385487169,4.75,0.2381033325635885,12,unreviewed
2021-01-06,2020-12-17,2021-01-26,32.32313921230302,3.8234615368692566,1091.2697704813882,1073.744871783536,1113.4281273372471,39.683255553711206,2.25,0.2103408078910321,1,unreviewed
2025-06-29,2025-06-27,2025-07-01,32.098997044543616,7.206475821723685,1750.9147070468978,1745.5086822411977,1757.2832815288566,11.77459928765893,3.25,0.1635221192459544,6,unreviewed
2025-05-02,2025-04-29,2025-05-05,30.8658127858335,7.066793179236423,1797.0894468246652,1788.5050430265255,1806.286572497804,17.78152947127819,5.25,0.1808162309951585,5,unreviewed
2017-04-04,2017-03-29,2017-04-11,30.75150433828632,6.227115562148282,1374.9381309158334,1371.0080463904887,1377.992126616649,6.984080226160586,5.5,0.167278807977146,4,unreviewed
2019-01-21,2019-01-19,2019-01-23,30.642835279854665,3.592839958765786,861.976716091263,839.891839388758,878.93673497485,39.044895586092025,2.5,0.1395583201322819,1,unreviewed
2024-01-03,2023-12-28,2024-01-10,30.42419702978363,5.415936990706325,1440.8520511258837,1430.115221860353,1449.3737533562817,19.258531495928764,5.25,0.1674382408707661,1,unreviewed
2018-12-22,2018-12-18,2018-12-26,30.355270467776368,4.504691968558199,2093.889217999681,2081.661100764293,2107.6344694914296,25.973368727136403,4.25,0.1558605089629987,12,unreviewed
2019-11-29,2019-11-26,2019-12-02,30.302836034181997,15.363395871916966,1078.669350178987,1073.5032048234716,1081.327590433415,7.82438560994342,6.25,0.1270334655982183,11,unreviewed
2023-01-28,2023-01-23,2023-02-02,30.08197179660904,10.71353253585086,2157.5992378461106,2152.91188490903,2162.023855170235,9.111970261204988,3.75,0.1384223315222283,1,unreviewed
2019-11-29,2019-11-26,2019-12-02,29.667997853787902,10.402283936744674,172.66841837710697,166.20961524080485,183.88171996409076,17.672104723285884,4.75,0.1613136286017915,11,unreviewed
2025-08-09,2025-08-05,2025-08-13,29.580188880730766,13.214868326164757,1781.5314141926972,1774.3705139313824,1787.5469889328815,13.176475001499057,5.75,0.1724124769684873,8,unreviewed
2025-06-29,2025-06-27,2025-07-01,29.21736309820689,3.4992654154499947,1786.1703078523956,1784.310344173573,1788.2988452389836,3.9885010654106736,1.5,0.1577457619898414,6,unreviewed
2023-01-05,2023-01-04,2023-01-06,29.198122598581552,4.5433206020297865,899.5008429509909,886.6315203909762,913.1034599170088,26.471939526032656,3.5,0.1766120072302248,1,unreviewed
2023-12-24,2023-12-21,2023-12-28,29.07942356439568,4.026675799015882,511.57423032678224,497.8277077553794,529.9588922578841,32.131184502504766,3.0,0.1266608072930372,12,unreviewed
2019-02-02,2019-01-30,2019-02-06,28.92020508153973,4.313412825256704,1747.0454128452543,1737.5816570958125,1754.2532484037802,16.6715913079679,3.75,0.1560480151467647,2,unreviewed
2018-11-09,2018-11-05,2018-11-14,28.64663890183221,4.339996916033385,1448.6397836239414,1436.6660154638812,1462.20108608203,25.535070618148893,3.75,0.1932161009020519,11,unreviewed
2018-10-19,2018-10-16,2018-10-22,27.886192705793984,11.803112816425156,1484.60151155695,1479.623116203118,1488.8393953880295,9.2162791849114,9.25,0.1381583987303413,10,unreviewed
2017-05-03,2017-04-20,2017-05-17,27.8795858213254,3.732747047231375,1097.8071746863243,1080.3554987595417,1113.6733689336106,33.31787017406896,3.0,0.1736895484830292,5,unreviewed
2025-05-30,2025-05-27,2025-06-02,27.845189693428484,3.896467797772693,2011.858980303344,2008.1190418461335,2017.7711159330795,9.652074086945504,1.25,0.0726317426395828,5,unreviewed
2018-10-06,2018-10-05,2018-10-08,27.70495959474424,3.928027741536986,1626.3232966427447,1612.793047130108,1639.016449989751,26.2234028596431,4.25,0.1781426010248913,10,unreviewed
2019-12-26,2019-12-22,2019-12-30,27.64660980036289,4.314659363401454,1642.3535430600311,1634.796684957575,1652.9247513967566,18.128066439181566,6.25,0.1571797635202859,12,unreviewed
2018-12-14,2018-12-10,2018-12-18,27.238711956495585,4.455195582028114,1425.8557804230734,1418.671653561294,1436.6664707767775,17.994817215483636,3.25,0.1415478829778229,12,unreviewed
2019-01-21,2019-01-19,2019-01-23,27.14745290825606,7.502281279978096,11.635302464263503,5.701827655080706,17.116588128264993,11.414760473184288,5.25,0.1445191190666468,1,unreviewed
2023-01-05,2023-01-04,2023-01-06,27.11608670400351,4.356614819001276,2170.974865895668,2158.690064407885,2185.1149739888497,26.424909580964595,3.0,0.1628434620781833,1,unreviewed
2025-05-30,2025-05-27,2025-06-02,26.91946308212627,8.00983886824043,2036.1113393407663,2024.6912629753351,2048.043636152521,23.35237317718565,3.75,0.1572389513736767,5,unreviewed
2023-01-05,2023-01-04,2023-01-06,26.627958007850047,4.527596516278804,392.7256464747639,383.4673016220331,404.582161473576,21.11485985154286,3.5,0.1894974134630941,1,unreviewed
2024-01-21,2024-01-19,2024-01-23,26.35645039283043,10.934041272968402,1855.7321919263047,1853.6547015770336,1858.1956023601813,4.540900783147663,8.0,0.1497423301563492,1,unreviewed
2019-01-16,2019-01-14,2019-01-19,26.14341087204866,6.682853287689952,1381.6748066780328,1378.4448927594349,1384.0705288224854,5.625636063050479,6.75,0.1892668908107818,1,unreviewed
2019-02-02,2019-01-30,2019-02-06,26.13267729118633,8.712893209398008,1104.597541618902,1096.98224496888,1113.6733689336106,16.69112396473065,5.5,0.1564845986730488,2,unreviewed
2025-08-09,2025-08-05,2025-08-13,25.754668528531887,9.199340830390163,1805.1816314701105,1797.9253340060825,1808.3169682128355,10.391634206753224,4.0,0.1112480153857542,8,unreviewed
2019-11-29,2019-11-26,2019-12-02,25.577292520216403,6.075746414252544,1744.3344043920604,1734.733368707355,1751.7477415166795,17.014372809324414,5.5,0.1677161518217049,11,unreviewed
2017-05-30,2017-05-17,2017-06-13,25.52445541328986,13.592304114101545,1334.793965349171,1331.5033436338415,1338.1343969446607,6.63105331081897,6.5,0.1341912772950979,5,unreviewed
2017-04-04,2017-03-29,2017-04-11,25.32443954762716,3.529223896361623,1108.653043624588,1086.0611796551384,1130.5017348974943,44.44055524235591,2.25,0.1691950439736861,4,unreviewed
2025-05-09,2025-05-05,2025-05-14,25.260675618341224,6.609622434650389,1847.4607296073025,1843.8955452800728,1851.8204421103,7.924896830227226,5.0,0.159291839958604,5,unreviewed
2019-11-29,2019-11-26,2019-12-02,25.12511440839457,8.89819303298485,1847.964349405484,1845.146817298606,1851.8204421103,6.673624811694026,7.0,0.1568974661177617,11,unreviewed
2025-09-08,2025-09-05,2025-09-11,25.081317336173232,7.596036097663402,1751.9477270814857,1741.5396021222696,1761.9496263707988,20.410024248529226,4.75,0.1641186766615541,9,unreviewed
2019-02-02,2019-01-30,2019-02-06,24.88862440947597,8.592892440026604,2161.847843774747,2158.441085375845,2165.3090187185444,6.8679333426989615,7.25,0.1242254639943883,2,unreviewed
2025-05-09,2025-05-05,2025-05-14,24.740812265090312,6.168945471161305,1833.3995845417824,1826.9335206979888,1840.9956307066604,14.06211000867188,3.0,0.1325177144217614,5,unreviewed
2024-01-21,2024-01-19,2024-01-23,23.71102409572889,16.088753938404363,409.8229227787798,405.5721850800328,412.5053981170058,6.933213036973029,4.0,0.0875108788469991,1,unreviewed
2023-01-05,2023-01-04,2023-01-06,23.486593506909315,6.61818314882428,1533.2587176933862,1527.2794671249576,1540.6892260899767,13.409758965019137,6.25,0.1495909244691302,1,unreviewed
2018-12-22,2018-12-18,2018-12-26,23.3290747029143,6.021111915103462,1098.7115223907315,1093.170789883472,1105.5483899307435,12.3776000472717,5.5,0.1261046637180433,12,unreviewed
2023-01-05,2023-01-04,2023-01-06,23.304888484301387,4.562847748074597,736.9574255735248,728.6011207732372,747.6951283332892,19.094007560051978,4.75,0.1530876428363669,1,unreviewed
2019-11-29,2019-11-26,2019-12-02,23.26406951437723,8.512257055308131,1383.1231708984665,1380.2633263757452,1385.671200022567,5.407873646821827,7.0,0.1460402673688997,11,unreviewed
2019-01-21,2019-01-19,2019-01-23,22.996630151084048,9.235077971221376,1453.1907125983466,1445.1574660125189,1461.6363045475446,16.478838535025716,6.25,0.1523432912453534,1,unreviewed
2021-01-06,2020-12-17,2021-01-26,22.957914943874872,4.319477361821895,962.2825844298742,953.2495271335356,968.8437841120176,15.594256978482008,3.75,0.1387792570877235,1,unreviewed
2023-01-21,2023-01-20,2023-01-23,22.949537915778564,8.260650668711461,397.248037072659,393.68619721382856,402.3889854149893,8.702788201160729,7.0,0.1268963012571462,1,unreviewed
2019-11-29,2019-11-26,2019-12-02,22.81033676213956,6.07174928997257,2090.6163629649186,2084.9126061038114,2099.1837284667417,14.271122362930328,6.25,0.1437750745272443,11,unreviewed
2024-01-14,2024-01-10,2024-01-19,22.518918158987063,5.529975614686236,1376.862469599222,1373.856404966209,1380.512740324717,6.656335358507931,5.0,0.1582984841325987,1,unreviewed
2021-01-06,2020-12-17,2021-01-26,22.50696662314806,4.293675456097396,31.13590353884475,19.99188126437366,44.03579320991412,24.043911945540454,3.5,0.1337857498460376,1,unreviewed
2019-11-29,2019-11-26,2019-12-02,22.410473680168923,7.364504074310162,1454.334193686061,1447.1442649937237,1461.1047150320371,13.960450038313866,6.25,0.1516807177333951,11,unreviewed
2018-12-22,2018-12-18,2018-12-26,22.32652696131725,4.053887404358751,532.376797811177,521.0135360159911,548.1395515426993,27.126015526708212,3.0,0.1360397133716346,12,unreviewed
2020-04-12,2020-04-08,2020-04-16,22.120517788202147,8.153600610076632,797.5127295026624,791.2698001964018,803.2137852255255,11.943985029123724,7.25,0.1590029775002072,4,unreviewed
2019-01-21,2019-01-19,2019-01-23,22.089731615075955,6.071874323336475,1436.4581935517892,1430.6816823668778,1443.3708617347293,12.689179367851466,7.5,0.1514692615239734,1,unreviewed
2025-04-25,2025-04-21,2025-04-29,22.05177808967997,3.377799577774168,1659.4721898589669,1654.8824968803674,1662.71213684557,7.829639965202659,2.0,0.0847344670053359,4,unreviewed
2019-11-29,2019-11-26,2019-12-02,21.88766472795103,6.06740370755923,1524.5913849629076,1516.009788375348,1533.7130573638717,17.703268988523632,5.25,0.1471617953102272,11,unreviewed
2024-01-14,2024-01-10,2024-01-19,21.830889198637703,5.490159622833907,1382.0098124704575,1379.2426810474135,1384.8487006803043,5.6060196328908205,4.25,0.1456545520594997,1,unreviewed
2025-03-14,2025-03-10,2025-03-18,21.70962405719662,7.735995612523877,22.22268657149472,15.13367332983762,31.085462793707848,15.951789463870227,5.25,0.1446476713411065,3,unreviewed
2020-04-12,2020-04-08,2020-04-16,21.629117233239008,9.258735067582291,904.5126046395987,897.6889904793352,912.07627747301,14.387286993674934,6.0,0.1618919383787964,4,unreviewed
2021-01-06,2020-12-17,2021-01-26,21.307279499283343,3.537990633218676,895.9853513296646,879.6600050060079,911.830657849554,32.17065284354612,2.0,0.1694687146880925,1,unreviewed
2021-01-06,2020-12-17,2021-01-26,21.234096595523788,3.676577190364813,2058.103951312798,2044.2337078391572,2072.97324199602,28.739534156862646,2.0,0.1441289588196404,1,unreviewed
2019-01-16,2019-01-14,2019-01-19,21.22231763397,6.158437589880933,1104.5233928447994,1094.894563945476,1110.9989048009738,16.104340855497867,5.25,0.1374356284811274,1,unreviewed
2020-04-12,2020-04-08,2020-04-16,21.05236317849722,14.737396206026231,1073.6361075904208,1070.86382533703,1078.6682496261783,7.804424289148301,6.5,0.136260308021859,4,unreviewed
2019-12-26,2019-12-22,2019-12-30,20.94964272010719,10.323979878896736,676.5297876143223,672.4163020388223,681.3213314716704,8.905029432848096,6.0,0.1419391105947151,12,unreviewed
2019-11-24,2019-11-22,2019-11-26,20.92906222469936,4.512270021433896,1378.5204995114748,1374.8938954486512,1382.2820659419522,7.388170493301004,3.75,0.1439061563221181,11,unreviewed
2021-02-22,2021-02-08,2021-03-09,20.883088533241786,4.212871764776051,642.4930815663288,641.7282193172723,643.4976579598151,1.7694386425428092,1.5,0.047592126065478,2,unreviewed
2019-12-14,2019-12-14,2019-12-15,20.86237409958275,18.39055863485204,1644.509890951144,1641.51329141343,1647.2022660886869,5.688974675256759,2.0,0.0577324287548741,12,unreviewed
2019-01-21,2019-01-19,2019-01-23,20.761422190317443,3.434886873957785,1647.4771260248792,1626.4657984199002,1674.1816515796818,47.715853159781545,1.25,0.1099179701575672,1,unreviewed
2021-10-08,2021-10-05,2021-10-11,20.47238344420545,4.140748909742992,631.7152369374661,628.9370714402758,635.3963785371743,6.459307096898556,0.75,0.3173902141698818,10,unreviewed
2025-07-18,2025-07-14,2025-07-22,20.19272503653308,9.733705651349696,1785.2067160106008,1780.657330160495,1791.5071121249348,10.8497819644399,4.75,0.2025526338583355,7,unreviewed
2024-01-03,2023-12-28,2024-01-10,20.0781596900233,4.370940156328579,798.3814069795642,794.6433809017763,802.4086830127053,7.765302110929042,3.5,0.1122583467793945,1,unreviewed
2019-02-02,2019-01-30,2019-02-06,19.94140891951862,11.099781408851449,1194.6825310020558,1192.4618746107444,1197.017475315835,4.55560070509091,8.25,0.1261904480895463,2,unreviewed
2020-04-05,2020-04-02,2020-04-08,19.88745694836646,19.420832408992947,1369.1178585526336,1367.947822694667,1370.5768014858477,2.628978791180998,5.5,0.0960212090256876,4,unreviewed
2023-01-05,2023-01-04,2023-01-06,19.63374962880944,4.771109845319425,1671.7865068181543,1664.4930925681256,1677.9531917045824,13.460099136456847,3.75,0.1437892281443595,1,unreviewed
2019-11-29,2019-11-26,2019-12-02,19.54134266107076,8.609782253509167,1836.608866453052,1833.8011833433995,1838.796205658,4.995022314600647,7.75,0.135483993820294,11,unreviewed
2023-01-05,2023-01-04,2023-01-06,19.36004055710315,4.608402828162661,2097.830268061535,2090.10465211235,2106.883514725137,16.778862612787634,4.0,0.1447410004093362,1,unreviewed
2021-01-06,2020-12-17,2021-01-26,19.310249502832,5.466369115597062,388.3034455908426,380.2962075527757,394.6625929130241,14.366385360248389,5.5,0.1382224555449918,1,unreviewed
2021-03-30,2021-03-09,2021-04-21,19.294644715333376,12.149309276536735,1481.6733822424023,1477.1062224046327,1487.7581015825272,10.651879177894443,5.0,0.132956842089965,3,unreviewed
2024-11-15,2024-11-12,2024-11-19,19.26236424759684,7.859171640585844,846.760508334413,841.4156620665453,852.0198499839753,10.604187917429954,6.0,0.1427940446301938,11,unreviewed
2017-12-03,2017-12-01,2017-12-05,19.239471906833764,5.892626421206258,1461.7807696551868,1452.379122399725,1470.8359203394502,18.45679793972522,7.0,0.1543370650844162,12,unreviewed
2025-05-02,2025-04-29,2025-05-05,19.1827091948714,8.079433540515277,1684.3347434917812,1679.1799808866344,1687.5747123169713,8.394731430336833,5.5,0.1307536736737256,5,unreviewed
2021-10-30,2021-10-27,2021-11-03,19.166608516942706,16.609448089219143,1535.2652574893164,1533.4677492114715,1539.8565054554492,6.388756243977696,3.5,0.0672734727055693,10,unreviewed
2017-06-20,2017-06-13,2017-06-28,19.15864109213387,5.034597648953431,837.2118794236376,832.1778289973736,841.5622608703561,9.384431872982532,6.0,0.1570405960329898,6,unreviewed
2018-01-18,2018-01-18,2018-01-19,19.15130625572304,5.252961505632812,1109.2585615465343,1101.1280139661394,1119.1362607302144,18.00824676407501,4.0,0.1277972784127652,1,unreviewed
2023-01-05,2023-01-04,2023-01-06,18.827068549458367,4.53459231873615,1079.718525836823,1071.8062390489504,1088.0262725935318,16.220033544581383,3.75,0.13701713175688,1,unreviewed
2021-07-27,2021-07-14,2021-08-09,18.750079015116903,15.60033454625056,636.5766312246492,634.4967865287326,639.4153832737356,4.918596745003015,3.0,0.0627159421976982,7,unreviewed
2019-11-29,2019-11-26,2019-12-02,18.555104967910477,8.225112722292316,1620.2539454271616,1613.7854798426852,1626.2527009923942,12.467221149709076,6.25,0.1549752353040551,11,unreviewed
2021-03-30,2021-03-09,2021-04-21,18.487459405075043,8.798981287242679,646.6161136987591,643.7268448602408,649.0574587304145,5.330613870173693,2.25,0.0851201018964568,3,unreviewed
2019-05-17,2019-05-13,2019-05-22,18.48421673793551,3.6695686447926943,1636.7762708459115,1627.728229530621,1645.7591667436063,18.03093721298501,2.75,0.1272218929368171,5,unreviewed
2019-07-19,2019-07-16,2019-07-22,18.474567173798626,15.921247736103746,1380.668814433315,1378.4448927594349,1383.4953650617972,5.050472302362323,3.25,0.0870114082264872,7,unreviewed
2017-05-03,2017-04-20,2017-05-17,18.46880132833054,4.419564648324172,1204.0593044686443,1202.5324260392226,1207.077485114336,4.545059075113386,5.5,0.0984983259649338,5,unreviewed
2024-02-03,2024-01-29,2024-02-08,18.344111071811565,8.507803281771672,2218.6753223626574,2215.365415073931,2222.841439395212,7.47602432128042,5.0,0.1340551657024062,2,unreviewed
2023-01-13,2023-01-09,2023-01-17,18.26934660506645,7.760366160755,389.763460977772,384.668467131909,393.9315053662285,9.263038234319538,5.0,0.1241317401455159,1,unreviewed
2025-06-07,2025-06-02,2025-06-13,18.2146163938008,13.413409319251633,2065.169919214185,2059.0180912399665,2071.4699100200087,12.451818780042233,3.75,0.1523709258903408,6,unreviewed
2018-01-07,2018-01-05,2018-01-10,18.075509622473437,9.150509745807934,1458.1588697493962,1454.080536823254,1461.6363045475446,7.55576772429049,7.5,0.1232283796845356,1,unreviewed
2021-01-06,2020-12-17,2021-01-26,18.05720282700317,3.7012438465756894,810.8573137869698,804.5778677859344,817.2403079355136,12.662440149579195,2.5,0.1481282768095199,1,unreviewed
2024-04-12,2024-04-09,2024-04-16,17.791195879338893,6.445326172970015,431.6289654804343,428.07396135805175,435.7708080294542,7.696846671402454,4.75,0.1881512845790944,4,unreviewed
2019-12-26,2019-12-22,2019-12-30,17.7430082818059,9.129145274481038,2150.1644238611634,2146.0321016092785,2154.645079626236,8.61297801695764,6.75,0.1286862805555563,12,unreviewed
2021-12-28,2021-12-21,2022-01-04,17.68844721051133,4.626909910334704,1553.3146348394123,1546.514689290896,1557.9176133419387,11.402924051042646,4.0,0.1181167160586472,12,unreviewed
2025-04-25,2025-04-21,2025-04-29,17.683528966036828,6.665582800134739,1664.6244523407383,1658.0400448027067,1673.1998066329395,15.159761830233036,3.5,0.1149192341078065,4,unreviewed
2020-03-26,2020-03-19,2020-04-02,17.667925650387122,9.421461579800935,1262.3786179685528,1258.5611184439622,1266.3729274165817,7.811808972619474,4.75,0.1341498984351433,3,unreviewed
2018-12-22,2018-12-18,2018-12-26,17.557784436405875,6.130584037184244,1649.019847347057,1642.4878993998282,1653.420880031772,10.932980631943792,5.5,0.156885447240418,12,unreviewed
2019-12-26,2019-12-22,2019-12-30,17.428550275652963,6.068250807561825,1194.1204178271555,1191.2693299367093,1196.1239977777004,4.854667840991169,7.5,0.1223117282752518,12,unreviewed
2025-06-21,2025-06-16,2025-06-27,17.410121684685027,3.8705573556357695,1757.0159191781077,1750.5046790009364,1762.9723399016077,12.467660900671037,1.25,0.1217225912735839,6,unreviewed
2019-07-12,2019-07-08,2019-07-16,17.37868973784764,16.663218895651223,1381.5718277465037,1380.013532076031,1384.3274170402435,4.313884964212775,4.75,0.0904232926200643,7,unreviewed
2020-04-12,2020-04-08,2020-04-16,17.32794437353661,13.473998965343576,807.8433675374201,805.5640561338514,809.9999058083631,4.435849674511701,7.75,0.1500014086084818,4,unreviewed
2017-05-30,2017-05-17,2017-06-13,17.258174810063625,4.10501735356725,1466.3899230870295,1458.8901281929575,1472.5505624278449,13.660434234887362,3.25,0.1091594430171806,5,unreviewed
2025-06-29,2025-06-27,2025-07-01,17.04785066654781,3.8344537424118585,1757.1068766017231,1751.5024333642796,1763.7219008659013,12.219467501621692,1.25,0.0641034426308999,6,unreviewed
2018-12-22,2018-12-18,2018-12-26,17.040330315846724,4.6416499743871,2137.769688027902,2134.545217910316,2141.9725831183605,7.427365208044648,4.0,0.1181874841442232,12,unreviewed
2019-11-29,2019-11-26,2019-12-02,17.03167566024894,8.486082879373962,1816.6868503416867,1814.0925427800976,1819.926120508928,5.833577728830278,5.5,0.1462816537996383,11,unreviewed
2024-02-03,2024-01-29,2024-02-08,16.94708279972384,7.228965057170114,738.7048442921881,734.7180434213951,744.6423092214391,9.92426580004394,6.75,0.1385537496117236,2,unreviewed
2025-05-30,2025-05-27,2025-06-02,16.89584307815869,4.058847066383578,2050.676015886784,2048.3098318804987,2053.7651328579523,5.455300977453589,1.0,0.1136179566912664,5,unreviewed
2021-10-19,2021-10-12,2021-10-27,16.80258366459042,3.824251626805415,649.1573107916677,647.7451981366612,651.0419867462479,3.296788609586656,1.25,0.4542298408526103,10,unreviewed
2019-11-29,2019-11-26,2019-12-02,16.63971407652118,10.14401484445727,1577.7779238885105,1574.678445626516,1582.0107319676315,7.332286341115832,6.0,0.1074673985611648,11,unreviewed
2025-07-18,2025-07-14,2025-07-22,16.46190276888926,8.052084181636099,1774.5031483753696,1773.3536524376832,1776.1016136212274,2.7479611835442483,1.0,0.0432837606291568,7,unreviewed
2019-02-02,2019-01-30,2019-02-06,16.391851530330282,8.402469999696917,1428.1877588197865,1423.6647882317193,1432.335855933372,8.671067701652646,6.0,0.1270520349099294,2,unreviewed
2023-01-18,2023-01-17,2023-01-20,16.34120085496608,3.915075235953263,940.0076775136112,930.5945147271268,950.6398999206722,20.04538519354537,2.5,0.1426651853041232,1,unreviewed
2020-03-26,2020-03-19,2020-04-02,16.340209503395194,16.03380815208814,947.7215755806408,942.8063788358122,954.2241525910796,11.417773755267262,4.75,0.1317722223533357,3,unreviewed
2018-12-22,2018-12-18,2018-12-26,16.250430153930946,4.309921287301744,898.0438792793348,890.7088577076793,908.1203140500002,17.41145634232089,3.5,0.1224606629280777,12,unreviewed
2017-05-03,2017-04-20,2017-05-17,16.232668739810503,3.955032496569717,2054.3085197214086,2047.0349947833456,2063.81817544112,16.78318065777421,2.75,0.1126069161546197,5,unreviewed
2020-04-12,2020-04-08,2020-04-16,16.201992280755466,8.837445698273388,30.887855017528757,25.95583931263536,37.17309830896557,11.217258996330202,4.75,0.1368541312159705,4,unreviewed
2021-01-06,2020-12-17,2021-01-26,16.06604648895289,3.683738579212991,776.3633718774324,765.7322481907904,783.9504532245919,18.218205033801496,2.0,0.1194393189406444,1,unreviewed
2021-10-30,2021-10-27,2021-11-03,16.06506041150728,15.892709007982294,1543.3046697263649,1541.747822524514,1546.2181850690397,4.470362544525415,2.5,0.0654853795813408,10,unreviewed
2025-02-15,2025-02-10,2025-02-20,15.942887813883424,10.512008434394634,1658.4651031836966,1653.175571879372,1662.71213684557,9.536564966198055,4.25,0.1170549754524272,2,unreviewed
2019-11-20,2019-11-18,2019-11-22,15.78203723456251,8.067873796722013,1830.9337998133772,1828.8395317653196,1833.7570619373585,4.917530172038823,4.25,0.1384403598382438,11,unreviewed
2024-01-03,2023-12-28,2024-01-10,15.74630000699643,4.628682177204377,1381.2151035518614,1378.4448927594349,1384.0705288224854,5.625636063050479,3.25,0.1204177242774965,1,unreviewed
2019-02-02,2019-01-30,2019-02-06,15.520130980627831,6.972448122179372,902.4971606603604,895.6832586037926,910.0579345775768,14.374675973784178,4.5,0.1157101405716452,2,unreviewed
2019-12-26,2019-12-22,2019-12-30,15.463962466337623,6.619979034858556,1383.8762208284195,1381.8047965038568,1386.908454248216,5.103657744359225,6.75,0.1339997940618946,12,unreviewed
2018-10-12,2018-10-08,2018-10-16,15.44790146700258,4.600406830953009,1630.651817764574,1624.4593664375134,1637.5079017365351,13.04853529902175,5.0,0.1567497158068638,10,unreviewed
2025-01-12,2025-01-10,2025-01-14,15.25618449878964,4.703250891056294,1389.536270714657,1385.4534918339923,1393.5314563629215,8.077964528929442,4.0,0.1286710449470501,1,unreviewed
2023-01-05,2023-01-04,2023-01-06,15.254534924118826,5.1156488893533805,1343.396284540874,1339.521988910623,1346.6081866282038,7.086197717580944,5.75,0.1410910340452147,1,unreviewed
2025-02-15,2025-02-10,2025-02-20,15.180207228539055,16.46539025956113,1654.0786533345172,1652.679443244357,1655.620610635262,2.9411673909053206,4.5,0.1114427957683991,2,unreviewed
2021-02-22,2021-02-08,2021-03-09,15.172192397929772,12.356735452025209,1474.757590030776,1472.024866966065,1479.0682857525535,7.043418786488473,5.75,0.1267563588300701,2,unreviewed
2023-01-13,2023-01-09,2023-01-17,15.144984350841522,14.577016645256508,1668.784461410243,1666.4758425960315,1671.495718327351,5.019875731319189,2.25,0.0613759251029073,1,unreviewed
2020-04-12,2020-04-08,2020-04-16,14.999538203585756,7.138943670043639,1556.8732628131763,1555.0669715618717,1561.5497102811933,6.482738719321787,7.75,0.1244991639518052,4,unreviewed
2021-06-08,2021-05-04,2021-07-14,14.898110887121096,6.294494551854831,645.6073242746337,643.0072932061739,647.8229398233816,4.815646617207676,4.0,0.1004854543298448,6,unreviewed
2021-03-30,2021-03-09,2021-04-21,14.880873757849374,9.924612886633197,1835.5736698666483,1833.8011833433995,1837.954075460788,4.1528921173885465,4.5,0.1119178338535809,3,unreviewed
2019-02-02,2019-01-30,2019-02-06,14.849794318826984,7.816284148250525,1394.162262396865,1390.6378666991368,1397.7854271023534,7.14756040321663,5.25,0.1181721608066853,2,unreviewed
2025-06-07,2025-06-02,2025-06-13,14.827107484968575,14.191402456429737,1351.56209889838,1349.84735657461,1353.1415083212778,3.294151746667921,5.75,0.1009575681139698,6,unreviewed
2018-09-29,2018-09-26,2018-10-02,14.7610695491099,13.258033573555457,1662.4189455359412,1660.270054911729,1666.2161146136932,5.946059701964259,5.0,0.1057420609376166,9,unreviewed
2024-02-03,2024-01-29,2024-02-08,14.743943421777136,8.912195266903788,891.6757067255477,886.6315203909762,898.4265122963116,11.794991905335335,6.75,0.1379433456306197,2,unreviewed
2019-02-13,2019-02-12,2019-02-15,14.446911370846228,9.474146181946931,1202.576270779604,1199.8129454129376,1206.3761697290463,6.563224316108972,6.0,0.1120222606443215,2,unreviewed
2017-06-20,2017-06-13,2017-06-28,14.444852560850176,5.001036277251411,1297.9282002106895,1294.6695431517437,1300.7792110983282,6.109667946584523,5.75,0.1442553909758338,6,unreviewed
2025-03-28,2025-03-24,2025-04-01,14.37085229032682,3.8901631678714743,939.8506300536932,929.644708456006,948.1817551599815,18.537046703975648,3.0,0.110617309444563,3,unreviewed
2018-12-29,2018-12-26,2019-01-02,14.362596689765954,7.381320522683466,1367.6141572090726,1366.7923628003336,1368.6700851214118,1.8777223210781813,3.0,0.0798972417228813,12,unreviewed
2019-12-26,2019-12-22,2019-12-30,14.3602415475218,7.027666511456923,946.7412397842388,943.539310639724,951.5900055435486,8.050694903824478,7.75,0.122369029954461,12,unreviewed
2017-06-20,2017-06-13,2017-06-28,14.349276641071748,4.389469389369407,1458.2745174125705,1452.379122399725,1463.935541168321,11.556418768595904,3.75,0.1365804605015642,6,unreviewed
2023-01-05,2023-01-04,2023-01-06,14.237383620247176,4.771823613269755,929.572162204098,924.6537036267108,937.4340017661452,12.780298139434308,4.0,0.125559968781687,1,unreviewed
2023-01-13,2023-01-09,2023-01-17,14.132604965131469,14.018448724077286,1673.3616017153147,1671.7417405908927,1676.233765528537,4.492024937644601,2.25,0.0916675023014798,1,unreviewed
2021-01-06,2020-12-17,2021-01-26,14.08475975645219,4.742019387512048,1401.0194156312473,1398.6016326383688,1404.2789172367193,5.677284598350525,2.5,0.0794354141677238,1,unreviewed
2021-11-12,2021-11-03,2021-11-22,13.997520695560118,3.64099107711864,1541.8825965374613,1530.1914564152248,1554.7762645445764,24.584808129351583,1.75,0.1094212556908014,11,unreviewed
2018-12-22,2018-12-18,2018-12-26,13.937629998019467,6.332850811564642,1108.9672941771807,1105.5478277872317,1112.979001114145,7.431173326913267,4.75,0.1048453825045512,12,unreviewed
2019-11-29,2019-11-26,2019-12-02,13.921655837770372,7.403077113071215,1378.029740408123,1376.027401290834,1380.512740324717,4.485339033883065,6.25,0.1111486549465947,11,unreviewed
2024-01-03,2023-12-28,2024-01-10,13.811508184450128,3.9125129225070863,723.3478070048709,715.1778990775347,729.8247181386687,14.64681906113401,2.75,0.1193273620746825,1,unreviewed
2023-01-13,2023-01-09,2023-01-17,13.73405299390837,13.523093575174496,1646.8965751031196,1641.51329141343,1649.190775604453,7.677484191022813,4.75,0.0860392608938968,1,unreviewed
2025-08-09,2025-08-05,2025-08-13,13.70737751081898,14.190021304239268,1808.861423332179,1806.54437492555,1812.285978558939,5.741603633388877,4.25,0.1115035627443607,8,unreviewed
2025-09-19,2025-09-15,2025-09-23,13.700254497997744,6.43628914922285,1798.626017300826,1793.2521864799785,1804.2868059705943,11.034619490616024,2.75,0.107657105281476,9,unreviewed
2021-01-06,2020-12-17,2021-01-26,13.69958462276058,3.666686911917704,546.0867540837721,535.9187023625709,555.6368052004836,19.71810283791274,2.0,0.1180418612623442,1,unreviewed
2024-02-10,2024-02-08,2024-02-12,13.671325491566332,6.10094145281474,1380.876675598016,1378.4448927594349,1383.4953650617972,5.050472302362323,4.75,0.1233776652534883,2,unreviewed
2019-12-26,2019-12-22,2019-12-30,13.550185579937043,16.438472631523048,1745.7528176370374,1743.511433981359,1748.4702698457986,4.958835864439607,3.75,0.0925635739420759,12,unreviewed
2019-04-12,2019-04-09,2019-04-15,13.532196090561907,9.42571209280787,1826.1945443502984,1823.8096555648367,1827.763858880848,3.954203316010535,4.75,0.1047708055168485,4,unreviewed
2021-01-06,2020-12-17,2021-01-26,13.509863113713337,3.6729668568986207,504.81723096256025,497.8277077553794,512.6807353934273,14.853027638047934,2.5,0.1141403830750746,1,unreviewed
2025-11-07,2025-11-05,2025-11-10,13.40610083160006,3.577775624124864,996.967347505429,970.2939076614566,1018.2159689180552,47.92206125659868,1.75,0.1146091850882527,11,unreviewed
2020-04-12,2020-04-08,2020-04-16,13.342451277240189,8.297795182774708,891.181639404775,887.8800996555947,894.3990744859912,6.518974830396473,6.0,0.1375576156997144,4,unreviewed
2025-11-07,2025-11-05,2025-11-10,13.287108899480222,4.201901534074031,1530.1429653117698,1521.0886102947406,1536.6067332508974,15.51812295615673,2.75,0.1232963989271181,11,unreviewed
2025-02-15,2025-02-10,2025-02-20,13.26402405314455,7.690413592234867,1390.4516749721777,1388.4466870906765,1393.5314563629215,5.084769272245467,6.0,0.1116779973024024,2,unreviewed
2024-06-16,2024-06-11,2024-06-21,13.221592611407624,6.956319564726216,2119.123770876805,2115.247453248594,2123.565253595356,8.317800346761942,4.25,0.1073664809316925,6,unreviewed
2019-12-26,2019-12-22,2019-12-30,13.155604963720188,3.2485787267560524,506.0755393112922,477.9334384626709,536.9475442958064,59.014105833135545,1.75,0.1165950998682252,12,unreviewed
2019-12-26,2019-12-22,2019-12-30,13.117683573692172,5.671799441956308,1380.4090414864254,1378.243711657822,1383.4953650617972,5.2516534039750695,6.0,0.1223864003027387,12,unreviewed
2023-07-09,2023-07-06,2023-07-12,13.071871356325907,14.245126425277125,1392.2105231413168,1390.6378666991368,1393.799341226928,3.1614745277911425,6.0,0.0883249165321976,7,unreviewed
2023-01-05,2023-01-04,2023-01-06,13.06224368594163,5.247935017661079,1506.999706057682,1503.4394527957777,1512.1970211011358,8.75756830535829,4.5,0.1129922878586456,1,unreviewed
2018-12-22,2018-12-18,2018-12-26,12.95370482481186,5.020374594974424,1376.8706697388347,1374.6467655617744,1379.069117323961,4.422351762186736,3.75,0.1137996946911976,12,unreviewed
2024-02-03,2024-01-29,2024-02-08,12.947563841851718,13.392942665851484,394.3800182527693,391.2699226276018,398.402699586004,7.132776958402246,5.0,0.1071458424169523,2,unreviewed
2019-07-19,2019-07-16,2019-07-22,12.927235093935291,14.90048593950581,1377.9438779413083,1375.5735085895285,1381.0392993385904,5.465790749061853,3.75,0.1231739291988568,7,unreviewed
2019-01-16,2019-01-14,2019-01-19,12.919932638200576,4.399677317705034,1924.6001436672332,1919.335472455248,1930.0307928915136,10.69532043626532,3.5,0.0960475131136941,1,unreviewed
2021-01-06,2020-12-17,2021-01-26,12.907933512580009,3.943373323791644,658.8084543961229,654.8110657497309,663.4727890752256,8.661723325494677,2.75,0.11565124514836,1,unreviewed
2025-06-21,2025-06-16,2025-06-27,12.903496010757168,4.2163347535853095,1321.7167030438357,1318.9928779592738,1324.6344360290095,5.6415580697357655,2.75,0.2196660238022256,6,unreviewed
2020-09-03,2020-08-20,2020-09-18,12.894428010922592,10.037853089616783,1401.9671724118164,1399.099034936633,1404.553577087354,5.454542150720954,5.0,0.1148071748913075,9,unreviewed
2025-05-16,2025-05-14,2025-05-19,12.865964538037396,8.731866047489719,1855.550548721651,1853.00414771121,1858.1956023601813,5.191454648971558,3.5,0.0906095486651285,5,unreviewed
2019-06-13,2019-06-10,2019-06-17,12.850030056381952,11.660128648982443,1516.740238982183,1513.306312653236,1519.44083625637,6.134523603133857,4.75,0.1091984605040318,6,unreviewed
2017-05-03,2017-04-20,2017-05-17,12.810347415146746,3.501993361923118,1465.7268332744727,1464.0049890629016,1467.6013204166666,3.596331353764981,1.5,0.0799741508406767,5,unreviewed
2019-12-14,2019-12-14,2019-12-15,12.77008584667187,8.8107921453165,1646.626740122712,1640.7543419129215,1652.6784153049812,11.924073392059654,4.0,0.1294731368624313,12,unreviewed
2024-01-03,2023-12-28,2024-01-10,12.73223283629134,4.288669362091303,5.04905535798269,0.0,12.509237703401595,12.509237703401595,2.25,0.1136452477308795,1,unreviewed
2020-04-12,2020-04-08,2020-04-16,12.690416811381748,11.963987898209682,1457.5291758481787,1452.662447037641,1461.6363045475446,8.97385750990361,5.75,0.1264837408640442,4,unreviewed
2025-11-13,2025-11-10,2025-11-17,12.6526901346997,6.718456243691051,1335.2450163253316,1331.0531361903995,1338.3709599636495,7.317823773249984,5.25,0.1039810468411746,11,unreviewed
2021-01-06,2020-12-17,2021-01-26,12.626506739764029,11.510808796662303,379.31172448194405,378.5649744300172,380.5415157051757,1.9765412751585243,1.0,0.337975041898372,1,unreviewed
2019-12-26,2019-12-22,2019-12-30,12.618088438571078,6.891464830412511,885.3578076083592,881.193607147783,889.5822355994023,8.388628451619297,4.25,0.1170178368290051,12,unreviewed
2025-10-31,2025-10-27,2025-11-05,12.610254768032338,15.453937688951608,834.8329689498154,833.1411275160499,837.7169971968979,4.575869680847973,5.0,0.1306807562268728,10,unreviewed
2018-12-22,2018-12-18,2018-12-26,12.57322464384903,7.688738082089854,1528.2269445381858,1521.6543796635233,1532.8741530263796,11.219773362856358,6.5,0.1171348088712795,12,unreviewed
2024-06-16,2024-06-11,2024-06-21,12.56901270287232,6.532568287397621,2126.9094481303987,2124.451459911652,2130.9522510091774,6.500791097525507,6.0,0.1672714972245039,6,unreviewed
2021-11-12,2021-11-03,2021-11-22,12.565846939838565,11.652597021351548,379.2778308614355,378.5649744300172,380.2978490544483,1.7328746244311333,1.0,0.2788088868213398,11,unreviewed
2019-11-29,2019-11-26,2019-12-02,12.545866038882242,10.039111860817364,1431.6019853157522,1428.980566301383,1434.3588414103724,5.378275108989328,9.25,0.1168536665676729,11,unreviewed
2025-06-07,2025-06-02,2025-06-13,12.376125614772434,7.394757594904437,2027.140677392596,2025.735891706776,2030.0173073597248,4.281415652949363,1.5,0.0379895328882885,6,unreviewed
2019-01-21,2019-01-19,2019-01-23,12.372300463425026,3.398774516074033,908.9790970735244,889.6969808018766,929.365174425766,39.66819362388924,1.25,0.0879549632054941,1,unreviewed
2018-12-22,2018-12-18,2018-12-26,12.342088740664714,6.180421843858132,1364.600619228024,1362.7518869191408,1367.034786793403,4.282899874262512,3.5,0.1141039828376694,12,unreviewed
2017-04-04,2017-03-29,2017-04-11,12.31948733537038,3.3525941134794053,985.0426347468244,966.1774347950704,1004.7109528477304,38.53351805265993,1.75,0.1044108679212648,4,unreviewed
2024-02-03,2024-01-29,2024-02-08,12.273227798588216,7.199021054406132,900.2232436371656,894.7530106799677,906.3631804157048,11.610169735737143,3.5,0.1223806979156779,2,unreviewed
2017-12-03,2017-12-01,2017-12-05,12.24950134877994,10.017781111756973,1179.2270200399455,1176.50107899867,1182.381791739259,5.880712740588933,6.75,0.1140713622593801,12,unreviewed
2025-06-07,2025-06-02,2025-06-13,12.142766422475882,3.993777708619602,2027.2832244657411,2024.6912629753351,2030.2749803299084,5.583717354573309,1.0,0.0598513919221811,6,unreviewed
2018-12-22,2018-12-18,2018-12-26,12.13719351186966,4.137969036862727,360.6902674661613,356.2025501471944,367.17965805809945,10.977107910905032,2.5,0.1045088978034434,12,unreviewed
2025-06-14,2025-06-13,2025-06-16,12.050798740311109,3.952416821837114,1213.00026177376,1211.4906437033787,1214.805130509194,3.3144868058152497,1.25,0.0726993232370069,6,unreviewed
2025-08-09,2025-08-05,2025-08-13,12.034393696292325,7.142102769909102,1824.7740701188209,1821.6508945920505,1828.405251476448,6.754356884397566,3.75,0.108815355133325,8,unreviewed
2025-03-14,2025-03-10,2025-03-18,11.989989670374912,4.898129665152192,1150.490700561411,1145.648605148308,1155.583052392583,9.93444724427536,5.25,0.1427304264607017,3,unreviewed
2019-02-13,2019-02-12,2019-02-15,11.979364270407784,16.127127991575083,1741.3487125681368,1737.5816570958125,1745.47292403318,7.891266937367618,4.0,0.0994196562559085,2,unreviewed
2023-01-21,2023-01-20,2023-01-23,11.931398738079755,6.718615918085809,380.0672652910218,377.5978783988394,382.2504767430946,4.652598344255239,4.25,0.1267629823719639,1,unreviewed
2018-01-07,2018-01-05,2018-01-10,11.924546852093956,7.17695095677338,1426.6779241670847,1421.6845437777229,1430.9269905192778,9.242446741554886,5.75,0.112462492236174,1,unreviewed
2021-02-22,2021-02-08,2021-03-09,11.889957360045916,13.931599088911112,646.5770300282643,645.6436082292348,647.8571109147742,2.2135026855394244,2.5,0.0528024665751538,2,unreviewed
2021-02-22,2021-02-08,2021-03-09,11.854440419200689,18.28117151398177,641.0646857273882,639.6321254218929,642.3128399769776,2.680714555084706,1.5,0.0570581178295488,2,unreviewed
2021-07-27,2021-07-14,2021-08-09,11.83702292710991,17.164505912112936,629.9808921908501,629.1636913539842,631.1759843202308,2.012292966246605,1.75,0.0429586514591602,7,unreviewed
2019-11-29,2019-11-26,2019-12-02,11.815262867451272,7.08053511178998,2152.208728425221,2148.769254880492,2155.698830158916,6.929575278423727,3.75,0.1605424611700866,11,unreviewed
2017-05-03,2017-04-20,2017-05-17,11.71446758744127,5.445938438204979,1375.1621592344768,1373.0809980765916,1377.7474717567677,4.666473680175841,5.0,0.1006673312340763,5,unreviewed
2018-11-30,2018-11-27,2018-12-04,11.682516016610062,4.381136211892031,1302.9322280187866,1300.297315289732,1305.044819922652,4.747504632920027,3.25,0.1411891151026618,11,unreviewed
2024-01-03,2023-12-28,2024-01-10,11.574198116798565,4.028240633534868,581.5628936619685,574.9471291075461,587.8256231392734,12.878494031727314,2.5,0.1030481582502726,1,unreviewed
2018-12-22,2018-12-18,2018-12-26,11.560000968805456,5.519943374723917,1358.9522761160088,1357.7900152793154,1360.4027730501257,2.6127577708102763,5.25,0.1150283032264747,12,unreviewed
2025-05-23,2025-05-19,2025-05-27,11.542641001476415,7.87667466859842,1836.9089892714555,1834.0456763822583,1838.6875901184976,4.641913736239076,4.0,0.1323746283710491,5,unreviewed
2024-01-03,2023-12-28,2024-01-10,11.507058869989688,4.422009942060236,891.5265322697029,886.8774965745397,896.4206623155624,9.543165741022676,3.5,0.1077492573185303,1,unreviewed
2021-02-22,2021-02-08,2021-03-09,11.365954615704366,4.403731287112152,643.7760357772228,642.9554043500684,644.6205818741582,1.6651775240898132,1.5,0.0273676343685905,2,unreviewed
2019-01-04,2019-01-02,2019-01-07,11.33081649197348,6.138128538779902,895.5008223824127,891.9076072569005,899.6551038697362,7.7474966128356755,3.5,0.0957925067507831,1,unreviewed
2025-08-09,2025-08-05,2025-08-13,11.1387426003988,8.07790264099191,2017.5625632399565,2012.2613420905543,2025.4566607405432,13.19531864998862,5.0,0.0848183798241625,8,unreviewed
2019-11-24,2019-11-22,2019-11-26,11.10802511355528,3.851068683333773,2093.794360863501,2088.105185768102,2104.132672538049,16.027486769948155,2.75,0.1100964475618201,11,unreviewed
2025-05-02,2025-04-29,2025-05-05,11.05634917276812,3.829064167582998,1659.828973376336,1655.375302482862,1662.71213684557,7.336834362708032,1.75,0.0487538192818214,5,unreviewed
2023-01-21,2023-01-20,2023-01-23,11.04412595815034,7.2483019173282175,22.754573920490405,19.99188126437366,25.936712477356195,5.944831212982535,4.75,0.0992986340566703,1,unreviewed
2019-07-05,2019-07-02,2019-07-08,10.936137016571209,4.897594033216396,1637.3823933777178,1632.5540432147682,1642.733207552228,10.179164337459952,4.0,0.1183431081357167,7,unreviewed
2019-02-20,2019-02-19,2019-02-22,10.888119662895985,4.932289665877375,1379.8306239281646,1376.027401290834,1383.2416623546742,7.21426106384024,3.5,0.1109100977771286,2,unreviewed
2019-02-02,2019-01-30,2019-02-06,10.83194194955006,9.424829099787972,1527.468768655361,1522.465099234134,1532.0743042365648,9.609205002430826,4.5,0.0988764673345965,2,unreviewed
2021-01-06,2020-12-17,2021-01-26,10.796798245058708,3.8603771360123145,231.9685408285192,227.5224496233277,237.7507817251608,10.228332101833075,2.5,0.118374054551651,1,unreviewed
2025-07-12,2025-07-11,2025-07-14,10.780971331028091,4.234499067804927,1759.1747071972795,1756.2905154176988,1762.9723399016077,6.681824483908713,0.75,0.0605434533549216,7,unreviewed
2019-02-17,2019-02-15,2019-02-19,10.766522435543584,3.2383012930582384,831.3565873812549,827.0289142159745,836.0420773923397,9.013163176365197,1.75,0.1020331260426834,2,unreviewed
2021-08-26,2021-08-09,2021-09-13,10.699201170085622,5.47751747859372,653.2432194589028,651.9627936994657,654.8513132575899,2.888519558124244,2.75,0.0618382132354813,8,unreviewed
2019-02-13,2019-02-12,2019-02-15,10.67205359145694,13.635526065627362,1349.1744798930893,1347.464248556178,1350.3292277059518,2.864979149773717,4.0,0.1060060960800406,2,unreviewed
2021-03-30,2021-03-09,2021-04-21,10.632990537287656,7.372148580013358,627.129007539481,624.5314169758931,629.5750635219738,5.0436465460807085,7.0,0.1094811307549406,3,unreviewed
2019-02-17,2019-02-15,2019-02-19,10.62938248365512,9.979681493573102,1382.6571346702249,1380.5202551255934,1384.3274170402435,3.807161914650351,5.0,0.1129224994139236,2,unreviewed
2017-03-26,2017-03-23,2017-03-29,10.602611637021482,3.726684920289255,1193.2731395547476,1187.3096460476518,1196.1239977777004,8.814351730048656,2.5,0.0781481075994829,3,unreviewed
2020-12-02,2020-11-18,2020-12-17,10.533096090140306,3.6600201652500863,964.862632360986,954.4137443853542,973.434232343454,19.020487958099693,2.75,0.1134156169903895,12,unreviewed
2023-01-05,2023-01-04,2023-01-06,10.488491034192004,4.1958803336179695,1102.6075211669734,1094.1642737495713,1108.701931154821,14.537657405249774,2.25,0.1197681712159938,1,unreviewed
2020-12-02,2020-11-18,2020-12-17,10.356009545444657,3.5171105890935066,1081.9354798048043,1071.8062390489504,1092.2240585153922,20.41781946644187,1.5,0.0997308091991112,12,unreviewed
2020-04-12,2020-04-08,2020-04-16,10.310825010313346,7.547156195390367,548.4245296254119,542.7000117967837,552.4257616032846,9.725749806500971,3.75,0.1110593687245761,4,unreviewed
2021-01-06,2020-12-17,2021-01-26,10.304630304867826,4.198995440764785,717.7410069591265,712.3352310224436,723.6151876938529,11.279956671409307,2.25,0.0917944242781002,1,unreviewed
2022-09-27,2022-09-26,2022-09-28,10.302377578777302,11.65896660168096,379.6023580152595,379.0521771190688,380.5415157051757,1.4893385861068964,1.0,0.2109660380784943,9,unreviewed
2025-08-17,2025-08-13,2025-08-21,10.29340481983289,14.082997352668375,1764.244066111787,1763.4765927135013,1765.2166726561263,1.740079942625016,1.5,0.0415804795463299,8,unreviewed
2024-01-21,2024-01-19,2024-01-23,10.291114868230238,12.350009065466466,872.6336042431033,870.1329119573347,874.7287764931098,4.595864535775036,5.5,0.1057934993932067,1,unreviewed
2019-01-21,2019-01-19,2019-01-23,10.262893085202192,3.14695986550816,1551.0527605393845,1536.0948089174926,1562.31810991792,26.22330100042745,1.25,0.0813869610995255,1,unreviewed
2023-01-13,2023-01-09,2023-01-17,10.254120497710142,8.616172704132174,118.66620721317504,113.80057292198762,122.9157602759078,9.115187353920192,3.25,0.1081151604882701,1,unreviewed
2021-08-26,2021-08-09,2021-09-13,10.247383477266707,5.08927022717834,624.6208900250346,622.6064494606107,626.5367651623674,3.9303157017566255,2.0,0.0759203165683447,8,unreviewed
2019-12-26,2019-12-22,2019-12-30,10.234536934633674,8.678233780965465,1080.0774636827953,1073.9865387449972,1086.0739074484443,12.087368703447282,6.0,0.1091153591787484,12,unreviewed
2024-04-21,2024-04-16,2024-04-26,10.226674256405913,21.009477748886,1389.1370366956908,1388.4466870906765,1390.3183257444762,1.8716386537998917,2.75,0.0422292576680525,4,unreviewed
2021-07-27,2021-07-14,2021-08-09,10.199383724451415,17.681961221292326,631.4713249351414,629.9125713636167,633.1375503605232,3.224978996906429,1.0,0.0397143551037754,7,unreviewed
2019-02-17,2019-02-15,2019-02-19,10.15761019917923,4.102050764169168,1193.087089220703,1190.3016695030965,1196.1239977777004,5.822328274603933,3.0,0.0976709900206792,2,unreviewed
2020-12-02,2020-11-18,2020-12-17,10.121606444305565,4.332056318162939,651.5165314816073,648.8912707893178,653.9033730062656,5.012102216947824,2.75,0.1073024899138157,12,unreviewed
2020-04-12,2020-04-08,2020-04-16,10.11232582362989,7.3787377206903235,1246.516565310212,1244.3569657416083,1249.240273119416,4.883307377807796,5.5,0.1066213251578883,4,unreviewed
2021-06-08,2021-05-04,2021-07-14,10.08038719280372,16.343549388666528,640.1666064215271,638.6539219417609,642.4267274704762,3.772805528715253,1.25,0.0386713519565773,6,unreviewed
2024-02-03,2024-01-29,2024-02-08,10.074521016301304,4.95217641926766,770.5220849742423,764.7125289952382,775.4454718809575,10.73294288571924,3.0,0.1029272749553346,2,unreviewed
2019-03-18,2019-03-15,2019-03-21,10.064000301588214,4.744748313422715,1379.18637845108,1376.279107348062,1382.535743883811,6.256636535748839,4.0,0.107108360188156,3,unreviewed
2019-02-13,2019-02-12,2019-02-15,10.007624808544415,11.286198584247057,1104.8592995065917,1096.98224496888,1113.182885741815,16.200640772935003,3.75,0.1064795842856623,2,unreviewed
2019-02-02,2019-01-30,2019-02-06,10.002100284971258,7.4584771646017,1263.3980091394058,1261.2938172481954,1266.3729274165817,5.079110168386251,3.75,0.1010810905906116,2,unreviewed
