Polygon_ID,CliffTop_Z
0,15.911
1,15.911
2,15.911
3,15.911
4,15.911
5,15.911
6,15.911
7,15.911
8,15.911
9,15.911
10,15.942
11,15.972
12,15.987
13,15.987
14,15.987
15,15.987
16,16.006
17,16.025
18,16.025
19,16.056
20,16.063
21,16.078
22,16.101
23,16.101
24,16.127
25,16.139
26,16.147
27,16.177
28,16.177
29,16.2
30,16.215
31,16.215
32,16.215
33,16.238
34,16.253
35,16.261
36,16.291
37,16.291
38,16.291
39,16.291
40,16.291
41,16.291
42,16.291
43,16.306
44,16.329
45,16.329
46,16.329
47,16.329
48,16.337
49,16.367
50,16.367
51,16.39
52,16.405
53,16.413
54,16.443
55,16.468
56,16.481
57,16.489
58,16.519
59,16.519
60,16.519
61,16.519
62,16.519
63,16.519
64,16.519
65,16.519
66,16.519
67,16.519
68,16.519
69,16.519
70,16.519
71,16.519
72,16.519
73,16.519
74,16.519
75,16.519
76,16.519
77,16.519
78,16.519
79,16.519
80,16.519
81,16.519
82,16.519
83,16.519
84,16.519
85,16.519
86,16.519
87,16.519
88,16.519
89,16.519
90,16.519
91,16.519
92,16.519
93,16.519
94,16.519
95,16.519
96,16.519
97,16.519
98,16.519
99,16.519
100,16.519
101,16.519
102,16.519
103,16.519
104,16.519
105,16.519
106,16.519
107,16.519
108,16.519
109,16.519
110,16.519
111,16.519
112,16.519
113,16.519
114,16.519
115,16.519
116,16.519
117,16.519
118,16.519
119,16.519
120,16.519
121,16.519
122,16.519
123,16.519
124,16.525
125,16.551
126,16.557
127,16.557
128,16.565
129,16.595
130,16.595
131,16.595
132,16.595
133,16.595
134,16.625
135,16.633
136,16.648
137,16.671
138,16.671
139,16.701
140,16.728
141,16.747
142,16.747
143,16.777
144,16.808
145,16.838
146,16.868
147,16.899
148,16.899
149,16.914
150,16.944
151,16.975
152,16.975
153,16.997
154,17.013
155,17.019
156,17.044
157,17.051
158,17.051
159,17.051
160,17.051
161,17.081
162,17.089
163,17.089
164,17.089
165,17.119
166,17.127
167,17.127
168,17.127
169,17.127
170,17.127
171,17.127
172,17.127
173,17.127
174,17.127
175,17.127
176,17.127
177,17.127
178,17.127
179,17.127
180,17.127
181,17.127
182,17.127
183,17.127
184,17.127
185,17.127
186,17.127
187,17.127
188,17.127
189,17.127
190,17.127
191,17.127
192,17.127
193,17.149
194,17.165
195,17.165
196,17.165
197,17.187
198,17.203
199,17.203
200,17.203
201,17.233
202,17.259
203,17.278
204,17.278
205,17.278
206,17.301
207,17.316
208,17.324
209,17.354
210,17.354
211,17.354
212,17.362
213,17.392
214,17.392
215,17.415
216,17.43
217,17.43
218,17.43
219,17.43
220,17.446
221,17.476
222,17.506
223,17.506
224,17.529
225,17.557
226,17.582
227,17.582
228,17.582
229,17.582
230,17.582
231,17.582
232,17.582
233,17.582
234,17.582
235,17.582
236,17.582
237,17.582
238,17.582
239,17.582
240,17.582
241,17.582
242,17.582
243,17.582
244,17.582
245,17.582
246,17.582
247,17.582
248,17.582
249,17.582
250,17.605
251,17.62
252,17.628
253,17.658
254,17.658
255,17.658
256,17.658
257,17.658
258,17.658
259,17.658
260,17.673
261,17.696
262,17.696
263,17.696
264,17.715
265,17.734
266,17.734
267,17.734
268,17.734
269,17.734
270,17.734
271,17.734
272,17.759
273,17.772
274,17.78
275,17.81
276,17.81
277,17.81
278,17.825
279,17.854
280,17.88
281,17.886
282,17.901
283,17.924
284,17.924
285,17.954
286,17.985
287,18.013
288,18.038
289,18.068
290,18.099
291,18.129
292,18.152
293,18.152
294,18.182
295,18.209
296,18.228
297,18.228
298,18.258
299,18.289
300,18.304
301,18.311
302,18.342
303,18.342
304,18.342
305,18.342
306,18.342
307,18.342
308,18.342
309,18.342
310,18.342
311,18.342
312,18.365
313,18.38
314,18.387
315,18.418
316,18.418
317,18.441
318,18.456
319,18.456
320,18.486
321,18.494
322,18.494
323,18.494
324,18.494
325,18.494
326,18.494
327,18.494
328,18.494
329,18.494
330,18.494
331,18.509
332,18.532
333,18.532
334,18.532
335,18.547
336,18.57
337,18.57
338,18.57
339,18.57
340,18.57
341,18.57
342,18.57
343,18.57
344,18.57
345,18.57
346,18.57
347,18.57
348,18.57
349,18.582
350,18.608
351,18.638
352,18.668
353,18.684
354,18.699
355,18.759
356,18.759
357,18.797
358,18.835
359,18.835
360,18.866
361,18.896
362,18.927
363,18.957
364,18.987
365,18.987
366,19.018
367,19.063
368,19.063
369,19.124
370,19.139
371,19.17
372,19.222
373,19.247
374,19.276
375,19.306
376,19.329
377,19.329
378,19.329
379,19.352
380,19.38
381,19.405
382,19.435
383,19.443
384,19.458
385,19.489
386,19.519
387,19.519
388,19.538
389,19.557
390,19.557
391,19.587
392,19.618
393,19.633
394,19.633
395,19.633
396,19.658
397,19.671
398,19.671
399,19.671
400,19.671
401,19.671
402,19.671
403,19.671
404,19.671
405,19.671
406,19.671
407,19.671
408,19.671
409,19.671
410,19.671
411,19.671
412,19.671
413,19.671
414,19.671
415,19.671
416,19.671
417,19.671
418,19.671
419,19.671
420,19.671
421,19.671
422,19.671
423,19.671
424,19.671
425,19.671
426,19.671
427,19.671
428,19.671
429,19.671
430,19.671
431,19.671
432,19.671
433,19.671
434,19.671
435,19.671
436,19.671
437,19.671
438,19.671
439,19.671
440,19.671
441,19.671
442,19.671
443,19.671
444,19.671
445,19.671
446,19.671
447,19.671
448,19.671
449,19.671
450,19.671
451,19.671
452,19.671
453,19.671
454,19.716
455,19.762
456,19.792
457,19.823
458,19.884
459,19.899
460,19.906
461,19.937
462,19.967
463,20.02
464,20.081
465,20.142
466,20.203
467,20.253
468,20.324
469,20.408
470,20.468
471,20.529
472,20.59
473,20.651
474,20.709
475,20.759
476,20.795
477,20.841
478,20.894
479,20.924
480,20.954
481,20.985
482,21.013
483,21.038
484,21.068
485,21.099
486,21.114
487,21.122
488,21.152
489,21.182
490,21.19
491,21.197
492,21.228
493,21.228
494,21.251
495,21.266
496,21.273
497,21.304
498,21.304
499,21.319
500,21.342
501,21.342
502,21.372
503,21.403
504,21.433
505,21.456
506,21.456
507,21.478
508,21.494
509,21.501
510,21.532
511,21.532
512,21.554
513,21.57
514,21.57
515,21.6
516,21.608
517,21.623
518,21.653
519,21.684
520,21.684
521,21.684
522,21.691
523,21.722
524,21.722
525,21.744
526,21.759
527,21.759
528,21.759
529,21.785
530,21.797
531,21.805
532,21.835
533,21.835
534,21.835
535,21.835
536,21.835
537,21.835
538,21.835
539,21.835
540,21.843
541,21.873
542,21.873
543,21.873
544,21.873
545,21.873
546,21.873
547,21.873
548,21.873
549,21.873
550,21.873
551,21.873
552,21.873
553,21.873
554,21.873
555,21.873
556,21.873
557,21.873
558,21.881
559,21.911
560,21.911
561,21.911
562,21.911
563,21.911
564,21.911
565,21.911
566,21.911
567,21.911
568,21.911
569,21.911
570,21.911
571,21.911
572,21.911
573,21.911
574,21.934
575,21.949
576,21.949
577,21.949
578,21.949
579,21.965
580,21.987
581,21.987
582,21.987
583,21.987
584,21.987
585,21.987
586,21.987
587,21.987
588,21.987
589,21.98
590,21.949
591,21.949
592,21.919
593,21.866
594,21.835
595,21.835
596,21.835
597,21.835
598,21.835
599,21.835
600,21.835
601,21.835
602,21.835
603,21.835
604,21.835
605,21.813
606,21.785
607,21.759
608,21.729
609,21.722
610,21.706
611,21.676
612,21.646
613,21.615
614,21.589
615,21.562
616,21.532
617,21.532
618,21.509
619,21.478
620,21.456
621,21.456
622,21.43
623,21.403
624,21.372
625,21.342
626,21.342
627,21.296
628,21.266
629,21.253
630,21.203
631,21.167
632,21.137
633,21.099
634,21.038
635,21.008
636,20.977
637,20.949
638,20.924
639,20.924
640,20.901
641,20.886
642,20.878
643,20.848
644,20.818
645,20.791
646,20.772
647,20.772
648,20.742
649,20.711
650,20.696
651,20.696
652,20.696
653,20.671
654,20.658
655,20.651
656,20.62
657,20.62
658,20.62
659,20.62
660,20.62
661,20.62
662,20.62
663,20.62
664,20.613
665,20.582
666,20.582
667,20.559
668,20.544
669,20.544
670,20.544
671,20.544
672,20.544
673,20.544
674,20.544
675,20.544
676,20.525
677,20.506
678,20.506
679,20.476
680,20.468
681,20.468
682,20.461
683,20.43
684,20.43
685,20.43
686,20.423
687,20.392
688,20.392
689,20.392
690,20.392
691,20.392
692,20.392
693,20.392
694,20.392
695,20.392
696,20.392
697,20.392
698,20.392
699,20.392
700,20.392
701,20.392
702,20.392
703,20.392
704,20.392
705,20.392
706,20.392
707,20.392
708,20.392
709,20.392
710,20.362
711,20.354
712,20.324
713,20.278
714,20.278
715,20.253
716,20.241
717,20.241
718,20.241
719,20.241
720,20.218
721,20.203
722,20.196
723,20.171
724,20.165
725,20.165
726,20.165
727,20.165
728,20.165
729,20.165
730,20.165
731,20.165
732,20.165
733,20.165
734,20.165
735,20.165
736,20.165
737,20.165
738,20.146
739,20.127
740,20.127
741,20.127
742,20.127
743,20.111
744,20.089
745,20.089
746,20.089
747,20.089
748,20.089
749,20.089
750,20.089
751,20.089
752,20.089
753,20.082
754,20.057
755,20.051
756,20.051
757,20.051
758,20.051
759,20.051
760,20.051
761,20.051
762,20.051
763,20.051
764,20.051
765,20.051
766,20.051
767,20.051
768,20.051
769,20.051
770,20.051
771,20.051
772,20.051
773,20.073
774,20.089
775,20.089
776,20.089
777,20.089
778,20.089
779,20.089
780,20.089
781,20.089
782,20.089
783,20.089
784,20.089
785,20.089
786,20.089
787,20.089
788,20.089
789,20.089
790,20.089
791,20.089
792,20.089
793,20.089
794,20.089
795,20.089
796,20.089
797,20.089
798,20.089
799,20.089
800,20.089
801,20.096
802,20.127
803,20.127
804,20.149
805,20.165
806,20.165
807,20.165
808,20.165
809,20.165
810,20.165
811,20.165
812,20.165
813,20.165
814,20.165
815,20.165
816,20.165
817,20.165
818,20.165
819,20.165
820,20.165
821,20.165
822,20.165
823,20.165
824,20.165
825,20.165
826,20.165
827,20.165
828,20.165
829,20.165
830,20.165
831,20.165
832,20.165
833,20.165
834,20.165
835,20.165
836,20.165
837,20.165
838,20.165
839,20.165
840,20.165
841,20.172
842,20.203
843,20.203
844,20.203
845,20.203
846,20.209
847,20.234
848,20.241
849,20.241
850,20.241
851,20.241
852,20.241
853,20.241
854,20.253
855,20.278
856,20.278
857,20.278
858,20.278
859,20.263
860,20.203
861,20.203
862,20.184
863,20.157
864,20.127
865,20.127
866,20.127
867,20.127
868,20.119
869,20.089
870,20.089
871,20.089
872,20.089
873,20.089
874,20.058
875,20.051
876,20.035
877,20.013
878,20.013
879,20.013
880,19.997
881,19.975
882,19.975
883,19.944
884,19.937
885,19.937
886,19.937
887,19.906
888,19.899
889,19.884
890,19.861
891,19.861
892,19.83
893,19.804
894,19.785
895,19.785
896,19.785
897,19.762
898,19.747
899,19.739
900,19.709
901,19.709
902,19.709
903,19.701
904,19.671
905,19.671
906,19.648
907,19.633
908,19.633
909,19.633
910,19.61
911,19.58
912,19.557
913,19.557
914,19.557
915,19.534
916,19.519
917,19.513
918,19.487
919,19.481
920,19.481
921,19.481
922,19.481
923,19.481
924,19.481
925,19.481
926,19.481
927,19.481
928,19.481
929,19.481
930,19.473
931,19.443
932,19.443
933,19.443
934,19.435
935,19.405
936,19.405
937,19.405
938,19.405
939,19.405
940,19.405
941,19.405
942,19.405
943,19.405
944,19.405
945,19.405
946,19.405
947,19.405
948,19.405
949,19.405
950,19.405
951,19.405
952,19.405
953,19.405
954,19.405
955,19.405
956,19.405
957,19.405
958,19.405
959,19.405
960,19.405
961,19.405
962,19.405
963,19.405
964,19.405
965,19.405
966,19.405
967,19.405
968,19.405
969,19.405
970,19.405
971,19.405
972,19.405
973,19.405
974,19.405
975,19.405
976,19.405
977,19.405
978,19.405
979,19.405
980,19.405
981,19.405
982,19.405
983,19.405
984,19.405
985,19.405
986,19.405
987,19.405
988,19.405
989,19.405
990,19.405
991,19.405
992,19.405
993,19.405
994,19.405
995,19.405
996,19.405
997,19.405
998,19.405
999,19.405
1000,19.405
1001,19.405
1002,19.405
1003,19.405
1004,19.405
1005,19.405
1006,19.405
1007,19.405
1008,19.405
1009,19.405
1010,19.405
1011,19.405
1012,19.405
1013,19.405
1014,19.405
1015,19.405
1016,19.405
1017,19.405
1018,19.405
1019,19.405
1020,19.405
1021,19.405
1022,19.405
1023,19.405
1024,19.405
1025,19.405
1026,19.405
1027,19.405
1028,19.405
1029,19.405
1030,19.405
1031,19.405
1032,19.405
1033,19.405
1034,19.405
1035,19.405
1036,19.405
1037,19.405
1038,19.405
1039,19.405
1040,19.405
1041,19.405
1042,19.405
1043,19.405
1044,19.405
1045,19.413
1046,19.443
1047,19.443
1048,19.466
1049,19.481
1050,19.481
1051,19.481
1052,19.481
1053,19.481
1054,19.481
1055,19.481
1056,19.481
1057,19.481
1058,19.481
1059,19.481
1060,19.481
1061,19.481
1062,19.481
1063,19.481
1064,19.481
1065,19.481
1066,19.481
1067,19.481
1068,19.481
1069,19.481
1070,19.481
1071,19.481
1072,19.487
1073,19.513
1074,19.519
1075,19.519
1076,19.519
1077,19.519
1078,19.519
1079,19.519
1080,19.532
1081,19.557
1082,19.557
1083,19.557
1084,19.557
1085,19.565
1086,19.595
1087,19.595
1088,19.614
1089,19.633
1090,19.633
1091,19.633
1092,19.656
1093,19.686
1094,19.709
1095,19.709
1096,19.709
1097,19.724
1098,19.747
1099,19.747
1100,19.777
1101,19.785
1102,19.785
1103,19.785
1104,19.785
1105,19.808
1106,19.823
1107,19.83
1108,19.861
1109,19.861
1110,19.861
1111,19.873
1112,19.899
1113,19.899
1114,19.922
1115,19.937
1116,19.937
1117,19.937
1118,19.937
1119,19.956
1120,19.975
1121,19.975
1122,20.005
1123,20.013
1124,20.013
1125,20.013
1126,20.013
1127,20.013
1128,20.028
1129,20.051
1130,20.051
1131,20.081
1132,20.089
1133,20.089
1134,20.089
1135,20.089
1136,20.089
1137,20.104
1138,20.127
1139,20.127
1140,20.157
1141,20.165
1142,20.165
1143,20.165
1144,20.165
1145,20.165
1146,20.165
1147,20.165
1148,20.165
1149,20.165
1150,20.165
1151,20.165
1152,20.165
1153,20.195
1154,20.203
1155,20.218
1156,20.241
1157,20.241
1158,20.241
1159,20.241
1160,20.241
1161,20.241
1162,20.241
1163,20.241
1164,20.241
1165,20.228
1166,20.177
1167,20.142
1168,20.111
1169,20.089
1170,20.089
1171,20.028
1172,19.99
1173,19.975
1174,19.975
1175,19.944
1176,19.937
1177,19.937
1178,19.937
1179,19.937
1180,19.906
1181,19.899
1182,19.899
1183,19.899
1184,19.868
1185,19.861
1186,19.861
1187,19.861
1188,19.861
1189,19.861
1190,19.861
1191,19.861
1192,19.861
1193,19.861
1194,19.861
1195,19.861
1196,19.861
1197,19.861
1198,19.861
1199,19.861
1200,19.861
1201,19.861
1202,19.861
1203,19.861
1204,19.861
1205,19.861
1206,19.861
1207,19.861
1208,19.861
1209,19.861
1210,19.861
1211,19.861
1212,19.88
1213,19.906
1214,19.937
1215,19.967
1216,19.975
1217,20.005
1218,20.051
1219,20.051
1220,20.101
1221,20.142
1222,20.18
1223,20.241
1224,20.271
1225,20.324
1226,20.385
1227,20.43
1228,20.43
1229,20.476
1230,20.522
1231,20.552
1232,20.582
1233,20.613
1234,20.62
1235,20.633
1236,20.658
1237,20.689
1238,20.696
1239,20.711
1240,20.742
1241,20.772
1242,20.772
1243,20.772
1244,20.772
1245,20.772
1246,20.772
1247,20.772
1248,20.772
1249,20.772
1250,20.772
1251,20.772
1252,20.772
1253,20.772
1254,20.772
1255,20.772
1256,20.772
1257,20.772
1258,20.772
1259,20.772
1260,20.749
1261,20.734
1262,20.727
1263,20.696
1264,20.666
1265,20.658
1266,20.646
1267,20.62
1268,20.62
1269,20.62
1270,20.605
1271,20.582
1272,20.582
1273,20.552
1274,20.544
1275,20.544
1276,20.544
1277,20.514
1278,20.484
1279,20.453
1280,20.43
1281,20.43
1282,20.405
1283,20.377
1284,20.347
1285,20.316
1286,20.286
1287,20.256
1288,20.225
1289,20.196
1290,20.171
1291,20.119
1292,20.058
1293,20.005
1294,19.975
1295,19.914
1296,19.876
1297,19.848
1298,19.823
1299,19.823
1300,19.8
1301,19.77
1302,19.747
1303,19.747
1304,19.716
1305,19.709
1306,19.701
1307,19.671
1308,19.671
1309,19.648
1310,19.633
1311,19.633
1312,19.633
1313,19.608
1314,19.595
1315,19.587
1316,19.557
1317,19.557
1318,19.557
1319,19.542
1320,19.513
1321,19.487
1322,19.481
1323,19.481
1324,19.481
1325,19.481
1326,19.481
1327,19.481
1328,19.481
1329,19.481
1330,19.481
1331,19.481
1332,19.481
1333,19.481
1334,19.481
1335,19.481
1336,19.481
1337,19.481
1338,19.481
1339,19.481
1340,19.481
1341,19.496
1342,19.519
1343,19.519
1344,19.57
1345,19.625
1346,19.678
1347,19.709
1348,19.77
1349,19.83
1350,19.997
1351,20.234
1352,20.361
1353,20.484
1354,20.62
1355,20.765
1356,20.886
1357,21.22
1358,21.441
1359,21.582
1360,21.684
1361,21.805
1362,21.927
1363,22.033
1364,22.132
1365,22.253
1366,22.344
1367,22.424
1368,22.504
1369,22.595
1370,22.656
1371,22.716
1372,22.777
1373,22.838
1374,22.899
1375,22.929
1376,22.956
1377,22.982
1378,23.013
1379,23.043
1380,23.073
1381,23.104
1382,23.134
1383,23.165
1384,23.19
1385,23.203
1386,23.21
1387,23.241
1388,23.271
1389,23.301
1390,23.316
1391,23.323
1392,23.348
1393,23.354
1394,23.37
1395,23.392
1396,23.392
1397,23.423
1398,23.43
1399,23.43
1400,23.43
1401,23.461
1402,23.468
1403,23.484
1404,23.506
1405,23.506
1406,23.537
1407,23.544
1408,23.559
1409,23.62
1410,23.62
1411,23.666
1412,23.696
1413,23.711
1414,23.772
1415,23.772
1416,23.787
1417,23.818
1418,23.848
1419,23.878
1420,23.909
1421,23.939
1422,23.962
1423,23.962
1424,23.962
1425,23.977
1426,24.008
1427,24.038
1428,24.038
1429,24.038
1430,24.038
1431,24.038
1432,24.038
1433,24.061
1434,24.076
1435,24.084
1436,24.114
1437,24.144
1438,24.152
1439,24.167
1440,24.228
1441,24.258
1442,24.289
1443,24.334
1444,24.38
1445,24.38
1446,24.43
1447,24.486
1448,24.532
1449,24.532
1450,24.592
1451,24.63
1452,24.661
1453,24.696
1454,24.747
1455,24.805
1456,24.835
1457,24.851
1458,24.911
1459,24.942
1460,24.972
1461,25.0
1462,25.025
1463,25.056
1464,25.109
1465,25.17
1466,25.215
1467,25.215
1468,25.276
1469,25.291
1470,25.306
1471,25.367
1472,25.367
1473,25.39
1474,25.42
1475,25.451
1476,25.481
1477,25.481
1478,25.496
1479,25.527
1480,25.557
1481,25.557
1482,25.58
1483,25.61
1484,25.633
1485,25.633
1486,25.633
1487,25.633
1488,25.641
1489,25.671
1490,25.701
1491,25.709
1492,25.709
1493,25.709
1494,25.709
1495,25.709
1496,25.709
1497,25.709
1498,25.709
1499,25.709
1500,25.709
1501,25.709
1502,25.709
1503,25.709
1504,25.709
1505,25.709
1506,25.709
1507,25.709
1508,25.684
1509,25.671
1510,25.663
1511,25.633
1512,25.633
1513,25.61
1514,25.58
1515,25.557
1516,25.557
1517,25.557
1518,25.557
1519,25.557
1520,25.557
1521,25.557
1522,25.557
1523,25.557
1524,25.557
1525,25.557
1526,25.534
1527,25.519
1528,25.519
1529,25.519
1530,25.519
1531,25.5
1532,25.473
1533,25.443
1534,25.413
1535,25.359
1536,25.314
1537,25.276
1538,25.215
1539,25.215
1540,25.2
1541,25.17
1542,25.139
1543,25.109
1544,25.101
1545,25.101
1546,25.095
1547,25.07
1548,25.063
1549,25.048
1550,25.025
1551,25.025
1552,25.025
1553,25.003
1554,24.975
1555,24.949
1556,24.949
1557,24.927
1558,24.911
1559,24.904
1560,24.873
1561,24.843
1562,24.816
1563,24.797
1564,24.797
1565,24.767
1566,24.737
1567,24.722
1568,24.714
1569,24.684
1570,24.684
1571,24.668
1572,24.638
1573,24.608
1574,24.577
1575,24.547
1576,24.532
1577,24.519
1578,24.468
1579,24.456
1580,24.441
1581,24.41
1582,24.38
1583,24.38
1584,24.357
1585,24.329
1586,24.304
1587,24.273
1588,24.243
1589,24.228
1590,24.22
1591,24.19
1592,24.19
1593,24.171
1594,24.144
1595,24.114
1596,24.114
1597,24.091
1598,24.076
1599,24.068
1600,24.038
1601,24.013
1602,24.0
1603,23.985
1604,23.924
1605,23.924
1606,23.878
1607,23.848
1608,23.835
1609,23.785
1610,23.727
1611,23.696
1612,23.681
1613,23.62
1614,23.559
1615,23.544
1616,23.519
1617,23.468
1618,23.408
1619,23.392
1620,23.362
1621,23.301
1622,23.241
1623,23.241
1624,23.203
1625,23.165
1626,23.165
1627,23.134
1628,23.104
1629,23.073
1630,23.043
1631,23.013
1632,23.013
1633,22.997
1634,22.975
1635,22.975
1636,22.944
1637,22.891
1638,22.861
1639,22.848
1640,22.797
1641,22.785
1642,22.754
1643,22.701
1644,22.671
1645,22.671
1646,22.648
1647,22.62
1648,22.595
1649,22.595
1650,22.572
1651,22.542
1652,22.519
1653,22.519
1654,22.489
1655,22.462
1656,22.443
1657,22.443
1658,22.413
1659,22.405
1660,22.39
1661,22.359
1662,22.329
1663,22.329
1664,22.314
1665,22.284
1666,22.253
1667,22.253
1668,22.208
1669,22.177
1670,22.165
1671,22.114
1672,22.101
1673,22.071
1674,22.018
1675,21.987
1676,21.957
1677,21.927
1678,21.899
1679,21.873
1680,21.813
1681,21.797
1682,21.767
1683,21.722
1684,21.722
1685,21.661
1686,21.627
1687,21.6
1688,21.57
1689,21.509
1690,21.471
1691,21.441
1692,21.403
1693,21.342
1694,21.291
1695,21.251
1696,21.213
1697,21.152
1698,21.091
1699,21.053
1700,21.008
1701,20.949
1702,20.899
1703,20.863
1704,20.818
1705,20.757
1706,20.696
1707,20.605
1708,20.537
1709,20.481
1710,20.43
1711,20.37
1712,20.286
1713,20.21
1714,20.149
1715,20.089
1716,20.058
1717,20.013
1718,19.959
1719,19.899
1720,19.868
1721,19.815
1722,19.77
1723,19.732
1724,19.671
1725,19.646
1726,19.618
1727,19.587
1728,19.557
1729,19.527
1730,19.519
1731,19.489
1732,19.437
1733,19.411
1734,19.359
1735,19.299
1736,19.246
1737,19.215
1738,19.154
1739,19.116
1740,19.089
1741,19.063
1742,19.033
1743,19.025
1744,19.01
1745,18.98
1746,18.949
1747,18.949
1748,18.93
1749,18.911
1750,18.911
1751,18.881
1752,18.873
1753,18.858
1754,18.828
1755,18.797
1756,18.797
1757,18.797
1758,18.79
1759,18.759
1760,18.759
1761,18.737
1762,18.722
1763,18.722
1764,18.722
1765,18.699
1766,18.668
1767,18.646
1768,18.646
1769,18.615
1770,18.585
1771,18.57
1772,18.57
1773,18.57
1774,18.57
1775,18.554
1776,18.532
1777,18.532
1778,18.501
1779,18.494
1780,18.494
1781,18.494
1782,18.463
1783,18.433
1784,18.418
1785,18.41
1786,18.38
1787,18.354
1788,18.342
1789,18.334
1790,18.304
1791,18.304
1792,18.281
1793,18.266
1794,18.266
1795,18.266
1796,18.266
1797,18.266
1798,18.258
1799,18.228
1800,18.197
1801,18.19
1802,18.19
1803,18.19
1804,18.159
1805,18.152
1806,18.137
1807,18.114
1808,18.114
1809,18.084
1810,18.076
1811,18.068
1812,18.038
1813,18.038
1814,18.038
1815,18.038
1816,18.03
1817,18.0
1818,18.0
1819,18.0
1820,18.0
1821,18.0
1822,18.0
1823,18.0
1824,18.0
1825,18.0
1826,18.0
1827,18.0
1828,18.0
1829,18.0
1830,18.0
1831,18.0
1832,18.0
1833,17.985
1834,17.956
1835,17.93
1836,17.924
1837,17.909
1838,17.886
1839,17.886
1840,17.856
1841,17.848
1842,17.835
1843,17.81
1844,17.81
1845,17.81
1846,17.81
1847,17.81
1848,17.81
1849,17.78
1850,17.772
1851,17.772
1852,17.772
1853,17.742
1854,17.734
1855,17.734
1856,17.734
1857,17.734
1858,17.734
1859,17.734
1860,17.727
1861,17.696
1862,17.696
1863,17.696
1864,17.696
1865,17.69
1866,17.665
1867,17.658
1868,17.658
1869,17.658
1870,17.658
1871,17.658
1872,17.635
1873,17.62
1874,17.62
1875,17.59
1876,17.582
1877,17.567
1878,17.544
1879,17.544
1880,17.514
1881,17.506
1882,17.499
1883,17.468
1884,17.438
1885,17.43
1886,17.415
1887,17.385
1888,17.354
1889,17.329
1890,17.316
1891,17.309
1892,17.278
1893,17.248
1894,17.218
1895,17.203
1896,17.203
1897,17.203
1898,17.203
1899,17.187
1900,17.165
1901,17.165
1902,17.165
1903,17.165
1904,17.165
1905,17.165
1906,17.134
1907,17.104
1908,17.089
1909,17.081
1910,17.051
1911,17.02
1912,16.994
1913,16.975
1914,16.975
1915,16.975
1916,16.975
1917,16.959
1918,16.937
1919,16.937
1920,16.911
1921,16.899
1922,16.899
1923,16.899
1924,16.899
1925,16.899
1926,16.884
1927,16.861
1928,16.861
1929,16.861
1930,16.861
1931,16.853
1932,16.823
1933,16.823
1934,16.823
1935,16.823
1936,16.823
1937,16.823
1938,16.823
1939,16.823
1940,16.815
1941,16.785
1942,16.785
1943,16.785
1944,16.785
1945,16.785
1946,16.754
1947,16.747
1948,16.747
1949,16.747
1950,16.747
1951,16.747
1952,16.747
1953,16.747
1954,16.747
1955,16.747
1956,16.747
1957,16.747
1958,16.747
1959,16.747
1960,16.747
1961,16.747
1962,16.747
1963,16.747
1964,16.747
1965,16.747
1966,16.747
1967,16.747
1968,16.747
1969,16.747
1970,16.747
1971,16.739
1972,16.709
1973,16.709
1974,16.709
1975,16.709
1976,16.709
1977,16.709
1978,16.709
1979,16.709
1980,16.709
1981,16.709
1982,16.709
1983,16.694
1984,16.671
1985,16.671
1986,16.671
1987,16.671
1988,16.671
1989,16.671
1990,16.671
1991,16.671
1992,16.671
1993,16.671
1994,16.671
1995,16.671
1996,16.671
1997,16.671
1998,16.671
1999,16.641
2000,16.633
2001,16.618
2002,16.595
2003,16.595
2004,16.565
2005,16.557
2006,16.549
2007,16.519
2008,16.519
2009,16.496
2010,16.481
2011,16.466
2012,16.405
2013,16.405
2014,16.39
2015,16.367
2016,16.367
2017,16.367
2018,16.367
2019,16.367
2020,16.367
2021,16.367
2022,16.367
2023,16.352
2024,16.329
2025,16.329
2026,16.329
2027,16.329
2028,16.329
2029,16.329
2030,16.329
2031,16.329
2032,16.329
2033,16.329
2034,16.329
2035,16.329
2036,16.329
2037,16.322
2038,16.291
2039,16.291
2040,16.291
2041,16.291
2042,16.291
2043,16.291
2044,16.291
2045,16.291
2046,16.291
2047,16.291
2048,16.291
2049,16.291
2050,16.291
2051,16.291
2052,16.291
2053,16.291
2054,16.291
2055,16.291
2056,16.291
2057,16.291
2058,16.291
2059,16.291
2060,16.291
2061,16.291
2062,16.291
2063,16.291
2064,16.291
2065,16.291
2066,16.291
2067,16.291
2068,16.291
2069,16.291
2070,16.291
2071,16.291
2072,16.291
2073,16.291
2074,16.291
2075,16.291
2076,16.291
2077,16.284
2078,16.253
2079,16.253
2080,16.253
2081,16.238
2082,16.215
2083,16.215
2084,16.215
2085,16.215
2086,16.215
2087,16.215
2088,16.185
2089,16.177
2090,16.177
2091,16.177
2092,16.177
2093,16.154
2094,16.139
2095,16.139
2096,16.139
2097,16.109
2098,16.101
2099,16.094
2100,16.063
2101,16.063
2102,16.063
2103,16.048
2104,16.033
2105,16.063
2106,16.038
2107,16.025
2108,16.018
2109,15.987
2110,15.987
2111,15.987
2112,15.972
2113,15.949
2114,15.949
2115,15.927
2116,15.896
2117,15.858
2118,15.797
2119,15.797
2120,15.775
2121,15.747
2122,15.722
2123,15.661
2124,15.6
2125,15.539
2126,15.494
2127,15.494
2128,15.433
2129,15.418
2130,15.403
2131,15.342
2132,15.342
2133,15.319
2134,15.289
2135,15.266
2136,15.266
2137,15.215
2138,15.175
2139,15.144
2140,15.114
2141,15.084
2142,15.053
2143,15.008
2144,14.962
2145,14.962
2146,14.939
2147,14.909
2148,14.886
2149,14.886
2150,14.825
2151,14.81
2152,14.797
2153,14.772
2154,14.772
2155,14.749
2156,14.734
2157,14.734
2158,14.734
2159,14.704
2160,14.696
2161,14.696
2162,14.696
2163,14.666
2164,14.658
2165,14.628
2166,14.582
2167,14.582
2168,14.532
2169,14.491
2170,14.461
2171,14.43
2172,14.43
2173,14.385
2174,14.354
2175,14.348
2176,14.323
2177,14.294
2178,14.263
2179,14.241
2180,14.241
2181,14.21
2182,14.18
2183,14.152
2184,14.127
2185,14.127
2186,14.104
2187,14.073
2188,14.043
2189,14.013
2190,13.982
2191,13.975
2192,13.967
2193,13.937
2194,13.906
2195,13.853
2196,13.808
2197,13.77
2198,13.709
2199,13.658
2200,13.603
2201,13.549
2202,13.519
2203,13.458
2204,13.42
2205,13.375
2206,13.316
2207,13.266
2208,13.208
2209,13.147
2210,13.086
2211,13.025
2212,12.995
2213,12.942
2214,12.886
2215,12.835
2216,12.805
2217,12.775
2218,12.744
2219,12.714
2220,12.684
2221,12.623
2222,12.608
2223,12.592
2224,12.532
2225,12.471
2226,12.456
2227,12.425
2228,12.38
2229,12.38
2230,12.329
2231,12.304
2232,12.289
2233,12.228
2234,12.228
2235,12.182
2236,12.152
2237,12.139
2238,12.089
2239,12.053
2240,12.023
2241,11.985
2242,11.924
2243,11.894
2244,11.863
2245,11.823
2246,11.772
2247,11.711
2248,11.696
2249,11.666
2250,11.62
2251,11.62
2252,11.559
2253,11.544
2254,11.529
2255,11.468
2256,11.468
2257,11.423
2258,11.392
2259,11.385
2260,11.354
2261,11.329
2262,11.316
2263,11.309
2264,11.278
2265,11.278
2266,11.278
2267,11.263
2268,11.241
2269,11.241
2270,11.241
2271,11.241
2272,11.241
2273,11.241
2274,11.241
2275,11.241
2276,11.241
2277,11.241
2278,11.241
2279,11.241
2280,11.241
2281,11.241
2282,11.241
2283,11.241
2284,11.241
